광역,지역명,광역_지역명,구분,도시유형,총인구수_명,GRDP_억원,노령화지수,2018년,2025년,2026년,2027년,2028년,2029년,2030년,2034,2030년감축률,2034년감축률
강원,강릉시,강원 강릉시,건물,중소도시,207731,69199,51,851,737,731,724,718,712,706,680,,
강원,강릉시,강원 강릉시,농축산,중소도시,207731,69199,51,83,75,73,72,71,70,69,64,,
강원,강릉시,강원 강릉시,수송,중소도시,207731,69199,51,441,448,448,448,448,448,448,448,,
강원,강릉시,강원 강릉시,폐기물,중소도시,207731,69199,51,168,159,159,159,158,158,158,158,,
강원,강릉시,강원 강릉시,흡수원,중소도시,207731,69199,51,-676,-635,-637,-639,-640,-642,-644,-652,,
강원,강릉시,강원 강릉시,합계,중소도시,207731,69199,51,1543,1419,1411,1403,1395,1388,1381,1350,,
강원,고성군,강원 고성군,건물,농어촌,26999,15025,55,149,146,146,147,147,148,148,150,,
강원,고성군,강원 고성군,농축산,농어촌,26999,15025,55,54,145,147,149,151,153,156,165,,
강원,고성군,강원 고성군,수송,농어촌,26999,15025,55,56,64,65,66,67,68,69,73,,
강원,고성군,강원 고성군,폐기물,농어촌,26999,15025,55,15,8,7,5,4,2,1,-5,,
강원,고성군,강원 고성군,흡수원,농어촌,26999,15025,55,-519,-520,-521,-522,-523,-524,-525,-528,,
강원,고성군,강원 고성군,합계,농어촌,26999,15025,55,274,363,365,367,369,371,374,382,,
강원,동해시,강원 동해시,건물,농어촌,87675,39329,51,318,258,255,252,249,244,241,230,,
강원,동해시,강원 동해시,농축산,농어촌,87675,39329,51,4,4,4,4,4,4,4,4,,
강원,동해시,강원 동해시,수송,농어촌,87675,39329,51,176,169,168,167,166,166,165,162,,
강원,동해시,강원 동해시,폐기물,농어촌,87675,39329,51,67,59,59,58,58,58,58,56,,
강원,동해시,강원 동해시,흡수원,농어촌,87675,39329,51,-126,-115,-115,-115,-115,-115,-116,-116,,
강원,동해시,강원 동해시,합계,농어촌,87675,39329,51,565,489,485,481,477,472,468,451,,
강원,삼척시,강원 삼척시,건물,농어촌,61735,33564,53,402,,,,,,366,371,,
강원,삼척시,강원 삼척시,농축산,농어촌,61735,33564,53,33,,,,,,2,3,,
강원,삼척시,강원 삼척시,수송,농어촌,61735,33564,53,125,,,,,,71,75,,
강원,삼척시,강원 삼척시,폐기물,농어촌,61735,33564,53,48,,,,,,48,48,,
강원,삼척시,강원 삼척시,흡수원,농어촌,61735,33564,53,0,,,,,,-690,-690,,
강원,삼척시,강원 삼척시,합계,농어촌,61735,33564,53,608,0,0,0,0,0,487,497,,
강원,속초시,강원 속초시,건물,농어촌,80933,22006,51,342,330,331,332,332,331,311,225,,
강원,속초시,강원 속초시,농축산,농어촌,80933,22006,51,4,3,3,3,3,3,2,2,,
강원,속초시,강원 속초시,수송,농어촌,80933,22006,51,149,151,150,149,147,145,142,108,,
강원,속초시,강원 속초시,폐기물,농어촌,80933,22006,51,70,54,52,50,49,47,44,35,,
강원,속초시,강원 속초시,흡수원,농어촌,80933,22006,51,-88,-91,-92,-93,-94,-94,-98,-100,,
강원,속초시,강원 속초시,합계,농어촌,80933,22006,51,564,538,536,533,530,525,499,370,,
강원,양구군,강원 양구군,건물,농어촌,20621,11767,51,103,,,,,,70,35,,
강원,양구군,강원 양구군,농축산,농어촌,20621,11767,51,34,,,,,,32,10,,
강원,양구군,강원 양구군,수송,농어촌,20621,11767,51,46,,,,,,43,10,,
강원,양구군,강원 양구군,폐기물,농어촌,20621,11767,51,13,,,,,,9,58,,
강원,양구군,강원 양구군,흡수원,농어촌,20621,11767,51,-599,,,,,,-553,-6,,
강원,양구군,강원 양구군,합계,농어촌,20621,11767,51,196,0,0,0,0,0,154,113,,
강원,양양군,강원 양양군,건물,농어촌,27489,12580,58,163,151,150,149,148,147,146,143,,
강원,양양군,강원 양양군,농축산,농어촌,27489,12580,58,42,42,42,42,42,43,43,43,,
강원,양양군,강원 양양군,수송,농어촌,27489,12580,58,58,63,63,62,62,62,62,60,,
강원,양양군,강원 양양군,폐기물,농어촌,27489,12580,58,22,18,18,18,18,18,18,18,,
강원,양양군,강원 양양군,흡수원,농어촌,27489,12580,58,-447,-404,-405,-406,-407,-408,-409,-413,,
강원,양양군,강원 양양군,합계,농어촌,27489,12580,58,285,273,272,272,270,269,268,264,,
강원,영월군,강원 영월군,건물,농어촌,36721,14463,59,203,169,171,170,169,168,167,163,,
강원,영월군,강원 영월군,농축산,농어촌,36721,14463,59,34,34,35,35,35,35,35,35,,
강원,영월군,강원 영월군,수송,농어촌,36721,14463,59,84,84,86,87,87,87,88,89,,
강원,영월군,강원 영월군,폐기물,농어촌,36721,14463,59,17,19,15,15,15,15,15,14,,
강원,영월군,강원 영월군,흡수원,농어촌,36721,14463,59,-1018,-975,-975,-975,-975,-975,-975,-975,,
강원,영월군,강원 영월군,합계,농어촌,36721,14463,59,339,306,308,307,306,306,305,302,,
강원,원주시,강원 원주시,건물,중소도시,362164,112614,46,1236,1020,1012,1004,997,990,983,958,,
강원,원주시,강원 원주시,농축산,중소도시,362164,112614,46,103,89,89,87,86,85,83,78,,
강원,원주시,강원 원주시,수송,중소도시,362164,112614,46,684,628,622,618,614,610,607,596,,
강원,원주시,강원 원주시,폐기물,중소도시,362164,112614,46,182,90,82,74,67,61,55,36,,
강원,원주시,강원 원주시,흡수원,중소도시,362164,112614,46,-461,-418,-422,-425,-429,-432,-436,-451,,
강원,원주시,강원 원주시,합계,중소도시,362164,112614,46,2205,1828,1805,1784,1764,1745,1728,1669,,
강원,인제군,강원 인제군,건물,농어촌,31535,18454,50,157,127,124,122,119,116,113,101,,
강원,인제군,강원 인제군,농축산,농어촌,31535,18454,50,23,27,28,29,29,30,31,34,,
강원,인제군,강원 인제군,수송,농어촌,31535,18454,50,70,73,74,74,75,75,75,77,,
강원,인제군,강원 인제군,폐기물,농어촌,31535,18454,50,24,51,52,52,52,53,53,55,,
강원,인제군,강원 인제군,흡수원,농어촌,31535,18454,50,-1162,-1029,-1031,-1032,-1034,-1035,-1037,-1043,,
강원,인제군,강원 인제군,합계,농어촌,31535,18454,50,274,278,278,277,275,274,272,267,,
강원,정선군,강원 정선군,건물,농어촌,33515,15208,58,301,210,210,209,209,209,209,209,,
강원,정선군,강원 정선군,농축산,농어촌,33515,15208,58,24,23,23,23,23,23,23,22,,
강원,정선군,강원 정선군,수송,농어촌,33515,15208,58,84,91,92,93,94,95,96,102,,
강원,정선군,강원 정선군,폐기물,농어촌,33515,15208,58,20,12,12,11,11,11,11,11,,
강원,정선군,강원 정선군,흡수원,농어촌,33515,15208,58,-947,-856,-857,-858,-859,-860,-861,-865,,
강원,정선군,강원 정선군,합계,농어촌,33515,15208,58,428,336,336,337,337,338,339,344,,
강원,철원군,강원 철원군,건물,농어촌,40497,22827,52,201,149,147,146,145,143,142,138,,
강원,철원군,강원 철원군,농축산,농어촌,40497,22827,52,277,267,266,265,264,263,262,257,,
강원,철원군,강원 철원군,수송,농어촌,40497,22827,52,94,93,92,91,90,90,89,86,,
강원,철원군,강원 철원군,폐기물,농어촌,40497,22827,52,20,13,13,12,12,12,12,12,,
강원,철원군,강원 철원군,흡수원,농어촌,40497,22827,52,-484,-417,-419,-420,-424,-428,-431,-446,,
강원,철원군,강원 철원군,합계,농어촌,40497,22827,52,591,521,518,514,511,508,505,493,,
강원,춘천시,강원 춘천시,건물,중소도시,286069,94293,46,1117,974,973,972,971,971,971,968,,
강원,춘천시,강원 춘천시,농축산,중소도시,286069,94293,46,69,66,66,65,65,65,64,63,,
강원,춘천시,강원 춘천시,수송,중소도시,286069,94293,46,555,575,576,577,578,580,581,586,,
강원,춘천시,강원 춘천시,폐기물,중소도시,286069,94293,46,174,160,160,160,160,160,160,161,,
강원,춘천시,강원 춘천시,흡수원,중소도시,286069,94293,46,-526,-548,-548,-553,-553,-553,-553,-553,,
강원,춘천시,강원 춘천시,합계,중소도시,286069,94293,46,1915,1775,1775,1774,1774,1776,1776,1778,,
강원,태백시,강원 태백시,건물,중소도시,37936,11469,55,234,162,161,159,158,156,155,150,,
강원,태백시,강원 태백시,농축산,중소도시,37936,11469,55,5,5,5,5,5,5,5,5,,
강원,태백시,강원 태백시,수송,중소도시,37936,11469,55,87,87,86,86,85,85,84,83,,
강원,태백시,강원 태백시,폐기물,중소도시,37936,11469,55,46,30,30,29,28,28,28,27,,
강원,태백시,강원 태백시,흡수원,중소도시,37936,11469,55,-265,-251,-251,-251,-251,-251,-251,-252,,
강원,태백시,강원 태백시,합계,중소도시,37936,11469,55,372,284,281,279,276,274,272,265,,
강원,평창군,강원 평창군,건물,농어촌,40396,16722,59,414,311,305,299,292,286,279,253,,
강원,평창군,강원 평창군,농축산,농어촌,40396,16722,59,44,53,54,55,56,57,58,62,,
강원,평창군,강원 평창군,수송,농어촌,40396,16722,59,103,102,102,101,101,101,101,99,,
강원,평창군,강원 평창군,폐기물,농어촌,40396,16722,59,12,11,11,11,11,11,11,11,,
강원,평창군,강원 평창군,흡수원,농어촌,40396,16722,59,-1241,-1120,-1123,-1126,-1128,-1131,-1134,-1145,,
강원,평창군,강원 평창군,합계,농어촌,40396,16722,59,573,477,472,466,460,455,449,425,,
강원,홍천군,강원 홍천군,건물,농어촌,66717,29169,57,361,,,,,,283,286,,
강원,홍천군,강원 홍천군,농축산,농어촌,66717,29169,57,112,,,,,,107,102,,
강원,홍천군,강원 홍천군,수송,농어촌,66717,29169,57,163,,,,,,154,150,,
강원,홍천군,강원 홍천군,폐기물,농어촌,66717,29169,57,49,,,,,,46,47,,
강원,홍천군,강원 홍천군,흡수원,농어촌,66717,29169,57,-1444,,,,,,-1305,-1316,,
강원,홍천군,강원 홍천군,합계,농어촌,66717,29169,57,685,0,0,0,0,0,590,585,,
강원,화천군,강원 화천군,건물,농어촌,22922,18266,52,104,,,,,,56,57,,
강원,화천군,강원 화천군,농축산,농어촌,22922,18266,52,33,,,,,,23,19,,
강원,화천군,강원 화천군,수송,농어촌,22922,18266,52,50,,,,,,59,62,,
강원,화천군,강원 화천군,폐기물,농어촌,22922,18266,52,29,,,,,,30,30,,
강원,화천군,강원 화천군,흡수원,농어촌,22922,18266,52,-627,,,,,,-516,-516,,
강원,화천군,강원 화천군,합계,농어촌,22922,18266,52,216,0,0,0,0,0,168,168,,
강원,횡성군,강원 횡성군,건물,농어촌,46111,20280,59,231,229,230,230,230,231,231,232,,
강원,횡성군,강원 횡성군,농축산,농어촌,46111,20280,59,173,188,190,193,195,198,200,211,,
강원,횡성군,강원 횡성군,수송,농어촌,46111,20280,59,106,129,133,136,139,142,145,157,,
강원,횡성군,강원 횡성군,폐기물,농어촌,46111,20280,59,27,17,14,11,8,4,1,-11,,
강원,횡성군,강원 횡성군,흡수원,농어촌,46111,20280,59,-546,-546,-546,-546,-546,-546,-546,-546,,
강원,횡성군,강원 횡성군,합계,농어촌,46111,20280,59,537,563,566,569,571,574,577,589,,
경기,가평군,경기 가평군,건물,농어촌,62527,23405,56,368,314,312,241,307,304,303,302,,
경기,가평군,경기 가평군,농축산,농어촌,62527,23405,56,59,49,38,37,36,35,34,30,,
경기,가평군,경기 가평군,수송,농어촌,62527,23405,56,128,136,140,143,146,150,154,166,,
경기,가평군,경기 가평군,폐기물,농어촌,62527,23405,56,18,18,18,17,17,17,16,12,,
경기,가평군,경기 가평군,흡수원,농어촌,62527,23405,56,-255,-268,-269,-270,-272,-273,-274,-277,,
경기,가평군,경기 가평군,합계,농어촌,62527,23405,56,573,517,508,438,506,506,507,510,,
경기,고양시,경기 고양시,건물,대도시,1070120,259730,47,3574,2196,2245,2263,2214,2176,2105,2018,,
경기,고양시,경기 고양시,농축산,대도시,1070120,259730,47,45,20,19,17,15,14,12,7,,
경기,고양시,경기 고양시,수송,대도시,1070120,259730,47,1717,1637,1617,1598,1586,1574,1547,1440,,
경기,고양시,경기 고양시,폐기물,대도시,1070120,259730,47,444,314,308,304,299,297,290,288,,
경기,고양시,경기 고양시,흡수원,대도시,1070120,259730,47,-35,-199,-203,-209,-208,-239,-239,-241,,
경기,고양시,경기 고양시,합계,대도시,1070120,259730,47,5780,4167,4189,4182,4114,4061,3954,3753,,
경기,과천시,경기 과천시,건물,중소도시,85512,62215,43,302,236,232,228,224,221,131,122,,
경기,과천시,경기 과천시,농축산,중소도시,85512,62215,43,0,0,0,0,0,0,0,0,,
경기,과천시,경기 과천시,수송,중소도시,85512,62215,43,84,98,100,102,92,94,96,52,,
경기,과천시,경기 과천시,폐기물,중소도시,85512,62215,43,25,23,23,23,23,24,16,15,,
경기,과천시,경기 과천시,흡수원,중소도시,85512,62215,43,-17,-18,-18,-19,-18,-18,-18,-17,,
경기,과천시,경기 과천시,합계,중소도시,85512,62215,43,410,357,355,353,340,338,243,189,,
경기,광명시,경기 광명시,건물,중소도시,278167,103093,46,797,694,679,657,640,610,587,615,,
경기,광명시,경기 광명시,농축산,중소도시,278167,103093,46,3,2,1,1,1,1,0,0,,
경기,광명시,경기 광명시,수송,중소도시,278167,103093,46,483,407,388,379,372,365,356,339,,
경기,광명시,경기 광명시,폐기물,중소도시,278167,103093,46,56,42,42,42,38,38,39,40,,
경기,광명시,경기 광명시,흡수원,중소도시,278167,103093,46,18,10,6,3,3,1,0,-21,,
경기,광명시,경기 광명시,합계,중소도시,278167,103093,46,1339,1145,1111,1080,1050,1013,982,994,,
경기,광주시,경기 광주시,건물,중소도시,397605,128385,45,1282,1267,1274,1273,1262,1234,797,766,,
경기,광주시,경기 광주시,농축산,중소도시,397605,128385,45,26,21,21,20,20,19,19,17,,
경기,광주시,경기 광주시,수송,중소도시,397605,128385,45,805,782,782,780,772,760,728,693,,
경기,광주시,경기 광주시,폐기물,중소도시,397605,128385,45,112,88,87,86,85,84,48,45,,
경기,광주시,경기 광주시,흡수원,중소도시,397605,128385,45,-77,-225,-232,-239,-245,-251,-257,-276,,
경기,광주시,경기 광주시,합계,중소도시,397605,128385,45,2226,2157,2163,2159,2139,2098,1591,1522,,
경기,구리시,경기 구리시,건물,중소도시,186882,41809,47,558,551,546,542,538,535,528,508,,
경기,구리시,경기 구리시,농축산,중소도시,186882,41809,47,1,0,0,0,0,0,0,0,,
경기,구리시,경기 구리시,수송,중소도시,186882,41809,47,295,234,228,219,209,186,123,91,,
경기,구리시,경기 구리시,폐기물,중소도시,186882,41809,47,85,40,35,31,27,22,18,9,,
경기,구리시,경기 구리시,흡수원,중소도시,186882,41809,47,-8,-38,-45,-50,-56,-61,-71,-93,,
경기,구리시,경기 구리시,합계,중소도시,186882,41809,47,938,825,810,792,774,743,670,609,,
경기,군포시,경기 군포시,건물,중소도시,255931,91976,47,821,707,697,687,666,656,634,593,,
경기,군포시,경기 군포시,농축산,중소도시,255931,91976,47,1,1,1,1,1,1,1,1,,
경기,군포시,경기 군포시,수송,중소도시,255931,91976,47,456,402,393,384,366,356,347,310,,
경기,군포시,경기 군포시,폐기물,중소도시,255931,91976,47,72,33,42,40,38,25,23,17,,
경기,군포시,경기 군포시,흡수원,중소도시,255931,91976,47,-7,-15,-14,-14,-14,-13,-13,-11,,
경기,군포시,경기 군포시,합계,중소도시,255931,91976,47,1350,1144,1133,1112,1071,1039,1005,921,,
경기,김포시,경기 김포시,건물,중소도시,486853,180107,43,1124,975,946,908,807,706,530,378,,
경기,김포시,경기 김포시,농축산,중소도시,486853,180107,43,118,77,73,68,64,59,55,37,,
경기,김포시,경기 김포시,수송,중소도시,486853,180107,43,825,931,923,914,902,869,766,618,,
경기,김포시,경기 김포시,폐기물,중소도시,486853,180107,43,123,137,137,137,138,138,76,77,,
경기,김포시,경기 김포시,흡수원,중소도시,486853,180107,43,-19,2,1,0,-1,-2,-101,-103,,
경기,김포시,경기 김포시,합계,중소도시,486853,180107,43,2190,2119,2079,2027,1910,1772,1427,1110,,
경기,남양주시,경기 남양주시,건물,중소도시,732482,149010,46,2027,1686,1665,1641,1616,1591,1023,1029,,
경기,남양주시,경기 남양주시,농축산,대도시,732482,149010,46,38,29,28,27,27,26,26,23,,
경기,남양주시,경기 남양주시,수송,대도시,732482,149010,46,1168,1143,1142,1137,1127,1109,1047,960,,
경기,남양주시,경기 남양주시,폐기물,대도시,732482,149010,46,82,122,123,124,117,117,117,119,,
경기,남양주시,경기 남양주시,흡수원,대도시,732482,149010,46,-54,-149,-153,-157,-161,-164,-167,-177,,
경기,남양주시,경기 남양주시,합계,대도시,732482,149010,46,3315,2979,2958,2929,2886,2843,2213,2131,,
경기,동두천시,경기 동두천시,건물,중소도시,86838,15182,51,350,217,208,195,182,168,156,98,,
경기,동두천시,경기 동두천시,농축산,중소도시,86838,15182,51,13,10,10,9,8,7,6,3,,
경기,동두천시,경기 동두천시,수송,중소도시,86838,15182,51,158,132,125,117,108,98,87,35,,
경기,동두천시,경기 동두천시,폐기물,중소도시,86838,15182,51,72,46,43,39,36,33,30,16,,
경기,동두천시,경기 동두천시,흡수원,중소도시,86838,15182,51,-44,-48,-49,-50,-52,-53,-55,-62,,
경기,동두천시,경기 동두천시,합계,중소도시,86838,15182,51,593,405,385,360,334,306,279,152,,
경기,부천시,경기 부천시,건물,대도시,769918,204265,47,2333,1736,1722,1682,1640,1504,1395,1350,,
경기,부천시,경기 부천시,농축산,대도시,769918,204265,47,3,3,3,2,2,2,2,2,,
경기,부천시,경기 부천시,수송,대도시,769918,204265,47,1339,1332,1318,1305,1290,1272,1224,1189,,
경기,부천시,경기 부천시,폐기물,대도시,769918,204265,47,141,78,73,69,64,60,36,15,,
경기,부천시,경기 부천시,흡수원,대도시,769918,204265,47,-3,-19,-20,-21,-21,-21,-31,-23,,
경기,부천시,경기 부천시,합계,대도시,769918,204265,47,3816,3148,3116,3058,2997,2838,2656,2556,,
경기,성남시,경기 성남시,건물,대도시,913009,565855,45,3803,3388,3262,3093,2922,2748,2377,2050,,
경기,성남시,경기 성남시,농축산,대도시,913009,565855,45,0,0,0,0,0,0,0,0,,
경기,성남시,경기 성남시,수송,대도시,913009,565855,45,1456,1147,1137,1128,1117,1093,1026,965,,
경기,성남시,경기 성남시,폐기물,대도시,913009,565855,45,229,124,139,132,79,120,109,84,,
경기,성남시,경기 성남시,흡수원,대도시,913009,565855,45,4,-27,-31,-33,-36,-44,-92,-97,,
경기,성남시,경기 성남시,합계,대도시,913009,565855,45,5489,4659,4539,4353,4119,3962,3513,3098,,
경기,수원시,경기 수원시,건물,대도시,1193005,409588,43,4039,3527,3328,3083,2833,2476,1978,1829,,
경기,수원시,경기 수원시,농축산,대도시,1193005,409588,43,8,4,4,4,3,3,3,2,,
경기,수원시,경기 수원시,수송,대도시,1193005,409588,43,2111,2096,2077,2071,2006,1932,1830,1808,,
경기,수원시,경기 수원시,폐기물,대도시,1193005,409588,43,222,68,66,129,127,123,24,18,,
경기,수원시,경기 수원시,흡수원,대도시,1193005,409588,43,-3,-8,-9,-9,-9,-9,-9,-10,,
경기,수원시,경기 수원시,합계,대도시,1193005,409588,43,6380,5695,5475,5287,4970,4535,3835,3658,,
경기,시흥시,경기 시흥시,건물,대도시,518132,203458,43,1335,929,902,698,671,644,617,567,,
경기,시흥시,경기 시흥시,농축산,대도시,518132,203458,43,16,10,9,9,8,8,7,5,,
경기,시흥시,경기 시흥시,수송,대도시,518132,203458,43,938,888,870,871,874,853,847,850,,
경기,시흥시,경기 시흥시,폐기물,대도시,518132,203458,43,267,166,162,157,153,149,145,130,,
경기,시흥시,경기 시흥시,흡수원,대도시,518132,203458,43,9,-39,-43,-48,-58,-62,-84,-108,,
경기,시흥시,경기 시흥시,합계,대도시,518132,203458,43,2556,1993,1943,1735,1706,1654,1616,1552,,
경기,안산시,경기 안산시,건물,대도시,620579,285809,45,2211,1762,1724,1687,1650,1610,1068,1042,,
경기,안산시,경기 안산시,농축산,대도시,620579,285809,45,13,13,13,13,13,13,13,13,,
경기,안산시,경기 안산시,수송,대도시,620579,285809,45,1302,1203,1155,1141,1111,1079,1028,963,,
경기,안산시,경기 안산시,폐기물,대도시,620579,285809,45,294,232,225,219,214,209,204,187,,
경기,안산시,경기 안산시,흡수원,대도시,620579,285809,45,-44,-33,-31,-29,-27,-25,-23,-17,,
경기,안산시,경기 안산시,합계,대도시,620579,285809,45,3820,3210,3117,3060,2987,2911,2313,2205,,
경기,안성시,경기 안성시,건물,중소도시,193949,118047,45,942,736,723,710,696,632,301,238,,
경기,안성시,경기 안성시,농축산,중소도시,193949,118047,45,501,476,475,475,474,472,471,468,,
경기,안성시,경기 안성시,수송,중소도시,193949,118047,45,452,457,455,452,446,437,425,338,,
경기,안성시,경기 안성시,폐기물,중소도시,193949,118047,45,110,76,75,73,72,70,69,65,,
경기,안성시,경기 안성시,흡수원,중소도시,193949,118047,45,-35,-53,-57,-59,-60,-61,-62,-67,,
경기,안성시,경기 안성시,합계,중소도시,193949,118047,45,2004,1745,1728,1709,1687,1611,1266,1109,,
경기,안양시,경기 안양시,건물,대도시,556492,213191,46,1802,1676,1677,1677,1678,1614,977,977,,
경기,안양시,경기 안양시,농축산,대도시,556492,213191,46,0,0,0,0,0,0,0,0,,
경기,안양시,경기 안양시,수송,대도시,556492,213191,46,911,893,884,871,816,789,750,724,,
경기,안양시,경기 안양시,폐기물,대도시,556492,213191,46,269,177,174,172,169,166,164,155,,
경기,안양시,경기 안양시,흡수원,대도시,556492,213191,46,-27,-102,-105,-104,-103,-102,-102,-99,,
경기,안양시,경기 안양시,합계,대도시,556492,213191,46,2982,2746,2735,2720,2663,2569,1891,1855,,
경기,양주시,경기 양주시,건물,중소도시,289005,91395,44,765,628,586,545,505,464,404,360,,
경기,양주시,경기 양주시,농축산,중소도시,289005,91395,44,123,129,128,126,124,121,120,115,,
경기,양주시,경기 양주시,수송,중소도시,289005,91395,44,429,432,429,427,424,398,361,292,,
경기,양주시,경기 양주시,폐기물,중소도시,289005,91395,44,112,77,77,78,79,79,80,59,,
경기,양주시,경기 양주시,흡수원,중소도시,289005,91395,44,-47,-83,-88,-93,-98,-103,-107,-130,,
경기,양주시,경기 양주시,합계,중소도시,289005,91395,44,1429,1265,1221,1176,1131,1062,964,826,,
경기,양평군,경기 양평군,건물,농어촌,126804,27600,55,506,391,385,379,373,367,362,341,,
경기,양평군,경기 양평군,농축산,농어촌,126804,27600,55,134,122,117,112,107,102,97,76,,
경기,양평군,경기 양평군,수송,농어촌,126804,27600,55,249,262,264,267,269,271,274,283,,
경기,양평군,경기 양평군,폐기물,농어촌,126804,27600,55,36,27,26,25,24,23,23,20,,
경기,양평군,경기 양평군,흡수원,농어촌,126804,27600,55,-120,-88,-90,-93,-95,-97,-99,-109,,
경기,양평군,경기 양평군,합계,농어촌,126804,27600,55,925,802,792,783,773,763,756,720,,
경기,여주시,경기 여주시,건물,농어촌,114610,53829,51,531,449,445,440,435,430,426,409,,
경기,여주시,경기 여주시,농축산,중소도시,114610,53829,51,285,246,245,243,240,240,219,219,,
경기,여주시,경기 여주시,수송,중소도시,114610,53829,51,356,362,364,365,344,344,335,329,,
경기,여주시,경기 여주시,폐기물,중소도시,114610,53829,51,33,16,15,14,13,12,11,7,,
경기,여주시,경기 여주시,흡수원,중소도시,114610,53829,51,-77,-136,-137,-137,-138,-139,-139,-142,,
경기,여주시,경기 여주시,합계,중소도시,114610,53829,51,1205,1073,1068,1062,1032,1026,991,964,,
경기,연천군,경기 연천군,건물,농어촌,40866,21252,55,234,162,156,151,145,140,135,114,,
경기,연천군,경기 연천군,농축산,농어촌,40866,21252,55,172,134,135,135,135,136,136,137,,
경기,연천군,경기 연천군,수송,농어촌,40866,21252,55,185,166,164,161,159,156,154,146,,
경기,연천군,경기 연천군,폐기물,농어촌,40866,21252,55,47,47,48,48,48,48,48,49,,
경기,연천군,경기 연천군,흡수원,농어촌,40866,21252,55,-86,-87,-89,-91,-92,-94,-96,-101,,
경기,연천군,경기 연천군,합계,농어촌,40866,21252,55,638,509,503,495,487,480,473,446,,
경기,오산시,경기 오산시,건물,중소도시,242065,68561,42,568,476,452,429,389,351,264,171,,
경기,오산시,경기 오산시,농축산,중소도시,242065,68561,42,5,3,3,3,3,2,2,2,,
경기,오산시,경기 오산시,수송,중소도시,242065,68561,42,397,421,420,418,412,400,313,259,,
경기,오산시,경기 오산시,폐기물,중소도시,242065,68561,42,67,37,37,37,36,36,31,30,,
경기,오산시,경기 오산시,흡수원,중소도시,242065,68561,42,14,13,11,11,11,11,11,10,,
경기,오산시,경기 오산시,합계,중소도시,242065,68561,42,1037,937,911,887,840,789,610,461,,
경기,용인시,경기 용인시,건물,대도시,1085864,376595,44,4045,3524,3582,3591,3530,3441,3197,3693,,
경기,용인시,경기 용인시,농축산,대도시,1085864,376595,44,187,151,151,151,148,145,140,121,,
경기,용인시,경기 용인시,수송,대도시,1085864,376595,44,1812,1597,1598,1599,1593,1578,1498,1444,,
경기,용인시,경기 용인시,폐기물,대도시,1085864,376595,44,278,127,77,67,61,55,44,19,,
경기,용인시,경기 용인시,흡수원,대도시,1085864,376595,44,-79,-169,-178,-181,-183,-185,-187,-196,,
경기,용인시,경기 용인시,합계,대도시,1085864,376595,44,6321,5399,5408,5409,5333,5218,4879,5277,,
경기,의왕시,경기 의왕시,건물,중소도시,154488,53264,46,488,435,416,383,350,297,243,172,,
경기,의왕시,경기 의왕시,농축산,중소도시,154488,53264,46,1,1,1,1,1,1,1,1,,
경기,의왕시,경기 의왕시,수송,중소도시,154488,53264,46,271,262,260,256,230,227,223,206,,
경기,의왕시,경기 의왕시,폐기물,중소도시,154488,53264,46,49,46,45,45,45,45,45,45,,
경기,의왕시,경기 의왕시,흡수원,중소도시,154488,53264,46,-7,-26,-26,-26,-27,-27,-27,-28,,
경기,의왕시,경기 의왕시,합계,중소도시,154488,53264,46,809,744,722,685,626,569,512,423,,
경기,의정부시,경기 의정부시,건물,중소도시,461271,85328,47,1260,1123,1123,1121,1119,1117,707,681,,
경기,의정부시,경기 의정부시,농축산,중소도시,461271,85328,47,1,1,1,1,1,1,1,0,,
경기,의정부시,경기 의정부시,수송,중소도시,461271,85328,47,639,607,600,564,530,510,480,423,,
경기,의정부시,경기 의정부시,폐기물,중소도시,461271,85328,47,105,43,42,41,40,39,37,23,,
경기,의정부시,경기 의정부시,흡수원,중소도시,461271,85328,47,-31,-25,-24,-24,-23,-22,-22,-20,,
경기,의정부시,경기 의정부시,합계,중소도시,461271,85328,47,2006,1774,1765,1727,1690,1666,1225,1128,,
경기,이천시,경기 이천시,건물,중소도시,222443,258112,44,873,915,922,928,933,939,195,102,,
경기,이천시,경기 이천시,농축산,중소도시,222443,258112,44,475,460,460,461,461,462,463,465,,
경기,이천시,경기 이천시,수송,중소도시,222443,258112,44,500,504,506,510,512,514,516,496,,
경기,이천시,경기 이천시,폐기물,중소도시,222443,258112,44,147,122,125,126,128,123,125,132,,
경기,이천시,경기 이천시,흡수원,중소도시,222443,258112,44,-57,-73,-92,-91,-101,-100,-101,-97,,
경기,이천시,경기 이천시,합계,중소도시,222443,258112,44,1994,2001,2013,2024,2035,2038,1298,1195,,
경기,파주시,경기 파주시,건물,대도시,511308,251585,44,1641,1391,1386,1376,1371,1366,904,869,,
경기,파주시,경기 파주시,농축산,대도시,511308,251585,44,248,215,212,211,210,208,207,203,,
경기,파주시,경기 파주시,수송,대도시,511308,251585,44,915,940,944,947,950,953,956,963,,
경기,파주시,경기 파주시,폐기물,대도시,511308,251585,44,97,-4,-8,-76,-80,-83,-86,-255,,
경기,파주시,경기 파주시,흡수원,대도시,511308,251585,44,-28,-203,-212,-219,-226,-233,-239,-271,,
경기,파주시,경기 파주시,합계,대도시,511308,251585,44,2901,2542,2534,2459,2451,2444,1980,1780,,
경기,평택시,경기 평택시,건물,대도시,598556,409016,42,2314,2068,2025,1991,1942,1854,1073,980,,
경기,평택시,경기 평택시,농축산,대도시,598556,409016,42,301,286,283,281,276,268,254,201,,
경기,평택시,경기 평택시,수송,대도시,598556,409016,42,1105,1078,1076,1063,1045,1013,903,865,,
경기,평택시,경기 평택시,폐기물,대도시,598556,409016,42,250,224,226,227,228,229,181,186,,
경기,평택시,경기 평택시,흡수원,대도시,598556,409016,42,-98,-116,-121,-123,-138,-141,-148,-177,,
경기,평택시,경기 평택시,합계,대도시,598556,409016,42,3970,3656,3610,3562,3491,3363,2411,2231,,
경기,포천시,경기 포천시,건물,중소도시,141463,77828,51,800,630,608,579,551,522,491,393,,
경기,포천시,경기 포천시,농축산,중소도시,141463,77828,51,311,317,316,315,315,314,310,310,,
경기,포천시,경기 포천시,수송,중소도시,141463,77828,51,470,432,428,425,421,387,382,369,,
경기,포천시,경기 포천시,폐기물,중소도시,141463,77828,51,85,102,104,105,107,106,84,87,,
경기,포천시,경기 포천시,흡수원,중소도시,141463,77828,51,-370,-372,-372,-373,-373,-373,-374,-375,,
경기,포천시,경기 포천시,합계,중소도시,141463,77828,51,1666,1481,1456,1424,1393,1328,1268,1159,,
경기,하남시,경기 하남시,건물,중소도시,329120,92289,43,1147,961,972,980,984,963,647,667,,
경기,하남시,경기 하남시,농축산,중소도시,329120,92289,43,1,0,0,0,0,0,0,0,,
경기,하남시,경기 하남시,수송,중소도시,329120,92289,43,425,399,400,401,400,398,388,368,,
경기,하남시,경기 하남시,폐기물,중소도시,329120,92289,43,114,74,72,71,69,68,66,62,,
경기,하남시,경기 하남시,흡수원,중소도시,329120,92289,43,-11,-56,-56,-57,-87,-88,-88,-89,,
경기,하남시,경기 하남시,합계,중소도시,329120,92289,43,1687,1433,1445,1451,1453,1428,1101,1097,,
경기,화성시,경기 화성시,건물,대도시,968821,951507,40,3084,2155,2058,2063,2067,1889,1627,1617,,
경기,화성시,경기 화성시,농축산,대도시,968821,951507,40,401,360,352,344,337,327,290,260,,
경기,화성시,경기 화성시,수송,대도시,968821,951507,40,1583,1576,1572,1568,1442,1391,1316,1172,,
경기,화성시,경기 화성시,폐기물,대도시,968821,951507,40,210,205,195,185,175,163,59,44,,
경기,화성시,경기 화성시,흡수원,대도시,968821,951507,40,56,-73,-83,-94,-105,-116,-126,-170,,
경기,화성시,경기 화성시,합계,대도시,968821,951507,40,5278,4297,4176,4160,4021,3770,3292,3094,,
경남,거제시,경남 거제시,건물,중소도시,232972,89578,50,673,500,483,468,453,440,424,376,,
경남,거제시,경남 거제시,농축산,중소도시,232972,89578,50,23,17,17,16,15,15,14,12,,
경남,거제시,경남 거제시,수송,중소도시,232972,89578,50,405,359,350,341,332,323,314,282,,
경남,거제시,경남 거제시,폐기물,중소도시,232972,89578,50,117,90,86,83,81,78,76,68,,
경남,거제시,경남 거제시,흡수원,중소도시,232972,89578,50,-148,-67,-62,-58,-55,-52,-49,-41,,
경남,거제시,경남 거제시,합계,중소도시,232972,89578,50,1218,966,936,908,881,856,828,738,,
경남,거창군,경남 거창군,건물,중소도시,59588,18675,55,191,167,165,163,161,160,158,152,,
경남,거창군,경남 거창군,농축산,농어촌,59588,18675,55,146,129,127,125,123,121,119,111,,
경남,거창군,경남 거창군,수송,농어촌,59588,18675,55,131,129,129,128,127,126,125,122,,
경남,거창군,경남 거창군,폐기물,농어촌,59588,18675,55,29,30,30,30,19,19,19,19,,
경남,거창군,경남 거창군,흡수원,농어촌,59588,18675,55,-435,-299,-297,-296,-295,-294,-292,-288,,
경남,거창군,경남 거창군,합계,농어촌,59588,18675,55,497,455,450,445,430,425,421,403,,
경남,고성군,경남 고성군,건물,농어촌,48005,24543,58,184,196,199,201,204,206,209,219,,
경남,고성군,경남 고성군,농축산,농어촌,48005,24543,58,156,147,146,145,144,143,142,138,,
경남,고성군,경남 고성군,수송,농어촌,48005,24543,58,109,104,102,101,99,98,96,90,,
경남,고성군,경남 고성군,폐기물,농어촌,48005,24543,58,18,9,8,7,6,4,3,0,,
경남,고성군,경남 고성군,흡수원,농어촌,48005,24543,58,-292,-224,-221,-218,-214,-211,-208,-198,,
경남,고성군,경남 고성군,합계,농어촌,48005,24543,58,468,457,455,454,453,451,450,448,,
경남,김해시,경남 김해시,건물,대도시,531676,184335,1283.61,1623,1284,1251,1218,1184,1150,1116,980,,
경남,김해시,경남 김해시,농축산,대도시,531676,184335,157.27,172,157,155,151,149,147,144,135,,
경남,김해시,경남 김해시,수송,대도시,531676,184335,943.43,1067,943,921,900,872,834,797,762,,
경남,김해시,경남 김해시,폐기물,대도시,531676,184335,65.66,148,66,31,19,11,12,7,10,,
경남,김해시,경남 김해시,흡수원,대도시,531676,184335,-243.58,-156,-244,-246,-248,-250,-252,-254,-261,,
경남,김해시,경남 김해시,합계,대도시,531676,184335,2449.97,3010,2450,2357,2288,2216,2143,2064,1886,,
경남,남해군,경남 남해군,건물,대도시,39832,11762,114.94,137,115,112,110,107,105,103,95,,
경남,남해군,경남 남해군,농축산,농어촌,39832,11762,47.32,61,47,45,43,41,39,37,30,,
경남,남해군,경남 남해군,수송,농어촌,39832,11762,77.65,81,78,76,75,74,73,72,67,,
경남,남해군,경남 남해군,폐기물,농어촌,39832,11762,17.65,18,18,17,17,17,17,16,15,,
경남,남해군,경남 남해군,흡수원,농어촌,39832,11762,-134.05,-158,-134,-134,-133,-132,-131,-130,-130,,
경남,남해군,경남 남해군,합계,농어촌,39832,11762,257.56,297,258,251,245,240,234,229,208,,
경남,밀양시,경남 밀양시,건물,중소도시,100691,40989,50,359,293,288,283,278,274,270,254,,
경남,밀양시,경남 밀양시,농축산,중소도시,100691,40989,50,168,143,140,138,135,132,130,120,,
경남,밀양시,경남 밀양시,수송,중소도시,100691,40989,50,266,259,258,257,256,255,254,252,,
경남,밀양시,경남 밀양시,폐기물,중소도시,100691,40989,50,54,67,65,66,66,66,66,68,,
경남,밀양시,경남 밀양시,흡수원,중소도시,100691,40989,50,-450,-446,-455,-465,-475,-485,-495,-538,,
경남,밀양시,경남 밀양시,합계,중소도시,100691,40989,50,846,761,751,743,735,726,719,693,,
경남,사천시,경남 사천시,건물,중소도시,108504,52232,47,367,309,303,297,292,286,269,255,,
경남,사천시,경남 사천시,농축산,중소도시,108504,52232,47,115,99,99,88,88,87,86,83,,
경남,사천시,경남 사천시,수송,중소도시,108504,52232,47,222,217,212,202,192,183,173,142,,
경남,사천시,경남 사천시,폐기물,중소도시,108504,52232,47,50,33,29,18,11,6,6,13,,
경남,사천시,경남 사천시,흡수원,중소도시,108504,52232,47,-62,-50,-56,-62,-68,-74,-81,-108,,
경남,사천시,경남 사천시,합계,중소도시,108504,52232,47,754,658,643,605,582,562,534,493,,
경남,산청군,경남 산청군,건물,농어촌,33259,11954,62,130,114,113,113,112,112,111,110,,
경남,산청군,경남 산청군,농축산,농어촌,33259,11954,62,116,116,117,118,120,121,123,129,,
경남,산청군,경남 산청군,수송,농어촌,33259,11954,62,88,91,91,91,91,92,92,94,,
경남,산청군,경남 산청군,폐기물,농어촌,33259,11954,62,14,6,5,4,0,0,0,0,,
경남,산청군,경남 산청군,흡수원,농어촌,33259,11954,62,-318,-302,-298,-294,-290,-286,-282,-268,,
경남,산청군,경남 산청군,합계,농어촌,33259,11954,62,348,325,326,327,324,325,326,332,,
경남,양산시,경남 양산시,건물,중소도시,359531,112304,46,1072,936,913,888,886,861,803,702,,
경남,양산시,경남 양산시,농축산,중소도시,359531,112304,46,51,49,50,50,50,50,50,51,,
경남,양산시,경남 양산시,수송,중소도시,359531,112304,46,724,751,749,734,722,710,698,666,,
경남,양산시,경남 양산시,폐기물,중소도시,359531,112304,46,163,156,154,159,158,144,142,138,,
경남,양산시,경남 양산시,흡수원,중소도시,359531,112304,46,-226,-295,-305,-317,-325,-338,-370,-400,,
경남,양산시,경남 양산시,합계,중소도시,359531,112304,46,2010,1892,1865,1831,1816,1765,1694,1557,,
경남,의령군,경남 의령군,건물,농어촌,25150,11609,61,84,,,,,,77,77,,
경남,의령군,경남 의령군,농축산,농어촌,25150,11609,61,106,,,,,,105,106,,
경남,의령군,경남 의령군,수송,농어촌,25150,11609,61,66,,,,,,57,56,,
경남,의령군,경남 의령군,폐기물,농어촌,25150,11609,61,43,,,,,,66,70,,
경남,의령군,경남 의령군,흡수원,농어촌,25150,11609,61,-247,,,,,,-161,-138,,
경남,의령군,경남 의령군,합계,농어촌,25150,11609,61,299,0,0,0,0,0,305,309,,
경남,진주시,경남 진주시,건물,중소도시,338785,92440,46,1078,,,,,,848,578,,
경남,진주시,경남 진주시,농축산,중소도시,338785,92440,46,113,,,,,,105,38,,
경남,진주시,경남 진주시,수송,중소도시,338785,92440,46,681,,,,,,575,386,,
경남,진주시,경남 진주시,폐기물,중소도시,338785,92440,46,251,,,,,,195,114,,
경남,진주시,경남 진주시,흡수원,중소도시,338785,92440,46,-256,,,,,,-458,-511,,
경남,진주시,경남 진주시,합계,중소도시,338785,92440,46,2123,0,0,0,0,0,1723,1116,,
경남,창녕군,경남 창녕군,건물,농어촌,56085,29136,58,225,,,,,,121,89,,
경남,창녕군,경남 창녕군,농축산,농어촌,56085,29136,58,191,,,,,,186,181,,
경남,창녕군,경남 창녕군,수송,농어촌,56085,29136,58,146,,,,,,101,88,,
경남,창녕군,경남 창녕군,폐기물,농어촌,56085,29136,58,27,,,,,,2,1,,
경남,창녕군,경남 창녕군,흡수원,농어촌,56085,29136,58,-109,,,,,,-53,-65,,
경남,창녕군,경남 창녕군,합계,농어촌,56085,29136,58,589,0,0,0,0,0,410,359,,
경남,창원시,경남 창원시,건물,대도시,999858,468147,46,2896,,,,,,2052,1897,,
경남,창원시,경남 창원시,농축산,대도시,999858,468147,46,98,,,,,,59,47,,
경남,창원시,경남 창원시,수송,대도시,999858,468147,46,2348,,,,,,1541,1239,,
경남,창원시,경남 창원시,폐기물,대도시,999858,468147,46,505,,,,,,326,333,,
경남,창원시,경남 창원시,흡수원,대도시,999858,468147,46,-400,,,,,,-471,-481,,
경남,창원시,경남 창원시,합계,대도시,999858,468147,46,5847,0,0,0,0,0,3978,3516,,
경남,통영시,경남 통영시,건물,중소도시,118481,34470,47,477,,,,,,369,347,,
경남,통영시,경남 통영시,농축산,중소도시,118481,34470,47,7,,,,,,4,3,,
경남,통영시,경남 통영시,수송,중소도시,118481,34470,47,213,,,,,,185,174,,
경남,통영시,경남 통영시,폐기물,중소도시,118481,34470,47,50,,,,,,7,0,,
경남,통영시,경남 통영시,흡수원,중소도시,118481,34470,47,-122,,,,,,-143,-155,,
경남,통영시,경남 통영시,합계,중소도시,118481,34470,47,747,0,0,0,0,0,565,524,,
경남,하동군,경남 하동군,건물,중소도시,40765,16386,62,155,,,,,,160,162,,
경남,하동군,경남 하동군,농축산,농어촌,40765,16386,62,110,,,,,,103,100,,
경남,하동군,경남 하동군,수송,농어촌,40765,16386,62,101,,,,,,92,89,,
경남,하동군,경남 하동군,폐기물,농어촌,40765,16386,62,18,,,,,,12,11,,
경남,하동군,경남 하동군,흡수원,농어촌,40765,16386,62,-368,,,,,,-234,-220,,
경남,하동군,경남 하동군,합계,농어촌,40765,16386,62,384,0,0,0,0,0,367,362,,
경남,함안군,경남 함안군,건물,농어촌,58842,43887,53.5,271,250,230,209,189,168,148,128,,
경남,함안군,경남 함안군,농축산,농어촌,58842,43887,53.5,143,141,140,139,137,136,134,133,,
경남,함안군,경남 함안군,수송,농어촌,58842,43887,53.5,253,245,237,230,222,214,206,195,,
경남,함안군,경남 함안군,폐기물,농어촌,58842,43887,53.5,41,40,39,37,36,35,34,31,,
경남,함안군,경남 함안군,흡수원,농어촌,58842,43887,53.5,-131,-125,-120,-114,-108,-103,-97,-80,,
경남,함안군,경남 함안군,합계,농어촌,58842,43887,53.5,708,676,645,614,583,552,522,488,,
경남,함양군,경남 함양군,건물,농어촌,36131,12071,60,139,122,121,121,120,120,119,118,,
경남,함양군,경남 함양군,농축산,농어촌,36131,12071,60,103,104,106,108,109,111,112,119,,
경남,함양군,경남 함양군,수송,농어촌,36131,12071,60,79,74,73,71,70,69,68,63,,
경남,함양군,경남 함양군,폐기물,농어촌,36131,12071,60,19,15,15,15,15,15,15,15,,
경남,함양군,경남 함양군,흡수원,농어촌,36131,12071,60,-195,-281,-298,-315,-333,-352,-372,-461,,
경남,함양군,경남 함양군,합계,농어촌,36131,12071,60,341,316,315,315,314,314,314,315,,
경남,합천군,경남 합천군,건물,농어촌,40225,14654,63,144,,,,,,112,104,,
경남,합천군,경남 합천군,농축산,농어촌,40225,14654,63,243,,,,,,236,233,,
경남,합천군,경남 합천군,수송,농어촌,40225,14654,63,98,,,,,,67,56,,
경남,합천군,경남 합천군,폐기물,농어촌,40225,14654,63,13,,,,,,18,18,,
경남,합천군,경남 합천군,흡수원,농어촌,40225,14654,63,-505,,,,,,-253,-203,,
경남,합천군,경남 합천군,합계,농어촌,40225,14654,63,498,0,0,0,0,0,433,411,,
경북,경산시,경북 경산시,건물,중소도시,266398,88883,44,880,734,731,727,724,720,717,704,,
경북,경산시,경북 경산시,농축산,중소도시,266398,88883,44,131,107,106,106,105,104,103,101,,
경북,경산시,경북 경산시,수송,중소도시,266398,88883,44,586,591,589,587,585,584,583,581,,
경북,경산시,경북 경산시,폐기물,중소도시,266398,88883,44,72,87,86,86,87,87,87,89,,
경북,경산시,경북 경산시,흡수원,중소도시,266398,88883,44,-180,-152,-154,-155,-162,-162,-163,-165,,
경북,경산시,경북 경산시,합계,중소도시,266398,88883,44,1669,1520,1512,1506,1500,1495,1490,1475,,
경북,경주시,경북 경주시,건물,중소도시,244769,125727,52,1326,1095,1084,1072,1061,1050,1039,998,,
경북,경주시,경북 경주시,농축산,중소도시,244769,125727,52,290,354,348,343,338,333,328,308,,
경북,경주시,경북 경주시,수송,중소도시,244769,125727,52,587,617,622,629,635,643,650,684,,
경북,경주시,경북 경주시,폐기물,중소도시,244769,125727,52,202,208,206,204,202,200,198,192,,
경북,경주시,경북 경주시,흡수원,중소도시,244769,125727,52,-661,-580,-582,-584,-586,-589,-591,-599,,
경북,경주시,경북 경주시,합계,중소도시,244769,125727,52,2406,2273,2260,2248,2236,2226,2216,2182,,
경북,고령군,경북 고령군,건물,농어촌,30062,18213,58,129,,,,,,95,90,,
경북,고령군,경북 고령군,농축산,농어촌,30062,18213,58,125,,,,,,124,123,,
경북,고령군,경북 고령군,수송,농어촌,30062,18213,58,86,,,,,,90,92,,
경북,고령군,경북 고령군,폐기물,농어촌,30062,18213,58,23,,,,,,30,30,,
경북,고령군,경북 고령군,흡수원,농어촌,30062,18213,58,-140,,,,,,-130,-134,,
경북,고령군,경북 고령군,합계,농어촌,30062,18213,58,363,0,0,0,0,0,339,335,,
경북,구미시,경북 구미시,건물,중소도시,404820,296145,43,1216,1101,1097,1082,1054,1013,539,334,,
경북,구미시,경북 구미시,농축산,중소도시,404820,296145,43,199,231,234,236,238,240,242,249,,
경북,구미시,경북 구미시,수송,중소도시,404820,296145,43,874,876,875,873,871,868,865,851,,
경북,구미시,경북 구미시,폐기물,중소도시,404820,296145,43,117,123,123,122,122,121,113,111,,
경북,구미시,경북 구미시,흡수원,중소도시,404820,296145,43,-298,-304,-306,-310,-313,-313,-317,-334,,
경북,구미시,경북 구미시,합계,중소도시,404820,296145,43,2108,2027,2023,2003,1972,1929,1759,1545,,
경북,김천시,경북 김천시,건물,중소도시,135446,64866,52,592,,,,,,485,499,,
경북,김천시,경북 김천시,농축산,중소도시,135446,64866,52,126,,,,,,109,94,,
경북,김천시,경북 김천시,수송,중소도시,135446,64866,52,292,,,,,,361,386,,
경북,김천시,경북 김천시,폐기물,중소도시,135446,64866,52,71,,,,,,54,46,,
경북,김천시,경북 김천시,흡수원,중소도시,135446,64866,52,-413,,,,,,-397,-406,,
경북,김천시,경북 김천시,합계,중소도시,135446,64866,52,1081,0,0,0,0,0,1009,1025,,
경북,문경시,경북 문경시,건물,농어촌,67257,20554,58,338,,,,,,220,205,,
경북,문경시,경북 문경시,농축산,농어촌,67257,20554,58,149,,,,,,129,125,,
경북,문경시,경북 문경시,수송,농어촌,67257,20554,58,143,,,,,,158,162,,
경북,문경시,경북 문경시,폐기물,농어촌,67257,20554,58,42,,,,,,39,39,,
경북,문경시,경북 문경시,흡수원,농어촌,67257,20554,58,-525,,,,,,-285,-240,,
경북,문경시,경북 문경시,합계,농어촌,67257,20554,58,672,0,0,0,0,0,546,531,,
경북,봉화군,경북 봉화군,건물,농어촌,28836,12823,62,144,117,109,101,98,96,93,83,,
경북,봉화군,경북 봉화군,수송,농어촌,28836,12823,62,70,70,70,70,70,70,70,70,,
경북,봉화군,경북 봉화군,농축산,농어촌,28836,12823,62,106,110,111,112,112,113,114,117,,
,,경북 봉화군,폐기물,농어촌,28836,12823,62,33,67,72,78,84,91,98,135,,
경북,봉화군,경북 봉화군,흡수원,농어촌,28836,12823,62,-848,-765,-745,-726,-707,-687,-668,-590,,
경북,봉화군,경북 봉화군,합계,농어촌,28836,12823,62,353,364,362,361,364,370,375,405,,
경북,상주시,경북 상주시,건물,농어촌,91850,27668,58,414,201,192,183,174,165,157,122,,
경북,상주시,경북 상주시,농축산,농어촌,91850,27668,58,369,379,381,382,383,384,385,389,,
경북,상주시,경북 상주시,수송,농어촌,91850,27668,58,224,217,216,215,214,213,212,208,,
경북,상주시,경북 상주시,폐기물,농어촌,91850,27668,58,32,27,27,26,26,26,26,26,,
경북,상주시,경북 상주시,흡수원,농어촌,91850,27668,58,-596,-366,-338,-312,-288,-267,-247,-224,,
경북,상주시,경북 상주시,합계,농어촌,91850,27668,58,1039,825,815,806,797,788,779,744,,
경북,성주군,경북 성주군,건물,농어촌,41452,25556,60,148,128,129,129,130,131,132,133,,
경북,성주군,경북 성주군,농축산,농어촌,41452,25556,60,109,88,84,81,81,78,74,64,,
경북,성주군,경북 성주군,수송,농어촌,41452,25556,60,136,133,132,130,129,128,126,121,,
경북,성주군,경북 성주군,폐기물,농어촌,41452,25556,60,24,37,36,36,36,36,36,35,,
경북,성주군,경북 성주군,흡수원,농어촌,41452,25556,60,-302,-250,-251,-251,-252,-253,-254,-257,,
경북,성주군,경북 성주군,합계,농어촌,41452,25556,60,416,385,381,377,376,372,367,352,,
경북,안동시,경북 안동시,건물,중소도시,153159,69821,52,692,,,,,,600,602,,
경북,안동시,경북 안동시,농축산,중소도시,153159,69821,52,236,,,,,,231,221,,
경북,안동시,경북 안동시,수송,중소도시,153159,69821,52,338,,,,,,345,348,,
경북,안동시,경북 안동시,폐기물,중소도시,153159,69821,52,83,,,,,,79,78,,
경북,안동시,경북 안동시,흡수원,중소도시,153159,69821,52,-612,,,,,,-587,-591,,
경북,안동시,경북 안동시,합계,중소도시,153159,69821,52,1349,0,0,0,0,0,1255,1249,,
경북,영덕군,경북 영덕군,건물,농어촌,33210,9936,62,160,,,,,,127,126,,
경북,영덕군,경북 영덕군,농축산,농어촌,33210,9936,62,45,,,,,,34,32,,
경북,영덕군,경북 영덕군,수송,농어촌,33210,9936,62,76,,,,,,80,82,,
경북,영덕군,경북 영덕군,폐기물,농어촌,33210,9936,62,15,,,,,,18,18,,
경북,영덕군,경북 영덕군,흡수원,농어촌,33210,9936,62,,,,,,,-436,-438,,
경북,영덕군,경북 영덕군,합계,농어촌,33210,9936,62,296,0,0,0,0,0,259,258,,
경북,영양군,경북 영양군,건물,농어촌,15328,4730,62,70,54,53,53,53,52,52,50,,
경북,영양군,경북 영양군,농축산,농어촌,15328,4730,62,24,23,23,24,25,26,27,31,,
경북,영양군,경북 영양군,수송,농어촌,15328,4730,62,38,42,42,43,44,45,45,49,,
경북,영양군,경북 영양군,폐기물,농어촌,15328,4730,62,3,5,5,5,5,5,5,6,,
경북,영양군,경북 영양군,흡수원,농어촌,15328,4730,62,-561,-529,-532,-535,-538,-541,-544,-555,,
경북,영양군,경북 영양군,합계,농어촌,15328,4730,62,135,123,124,125,126,128,129,136,,
경북,영주시,경북 영주시,건물,농어촌,98870,34557,55,538,334,323,313,303,293,283,247,,
경북,영주시,경북 영주시,농축산,농어촌,98870,34557,55,184,152,150,148,147,145,143,137,,
경북,영주시,경북 영주시,수송,농어촌,98870,34557,55,229,240,240,240,240,241,241,244,,
경북,영주시,경북 영주시,폐기물,농어촌,98870,34557,55,77,87,89,90,92,93,95,101,,
경북,영주시,경북 영주시,흡수원,농어촌,98870,34557,55,-329,-318,-328,-338,-349,-359,-370,-416,,
경북,영주시,경북 영주시,합계,농어촌,98870,34557,55,1027,814,803,792,782,772,762,728,,
경북,영천시,경북 영천시,건물,농어촌,98143,46483,56,383,376,378,379,381,383,385,393,,
경북,영천시,경북 영천시,농축산,농어촌,98143,46483,56,216,199,196,194,191,189,186,177,,
경북,영천시,경북 영천시,수송,농어촌,98143,46483,56,257,292,297,302,307,312,317,336,,
경북,영천시,경북 영천시,폐기물,농어촌,98143,46483,56,79,86,87,88,90,91,92,98,,
경북,영천시,경북 영천시,흡수원,농어촌,98143,46483,56,-474,-485,-486,-487,-489,-490,-491,-496,,
경북,영천시,경북 영천시,합계,농어촌,98143,46483,56,935,953,958,963,969,975,980,1004,,
경북,예천군,경북 예천군,건물,농어촌,54609,15084,54,231,228,225,223,221,219,217,207,,
경북,예천군,경북 예천군,농축산,농어촌,54609,15084,54,225,198,205,203,202,201,199,193,,
경북,예천군,경북 예천군,수송,농어촌,54609,15084,54,107,128,131,133,136,139,142,153,,
경북,예천군,경북 예천군,폐기물,농어촌,54609,15084,54,8,8,8,8,8,8,7,7,,
경북,예천군,경북 예천군,흡수원,농어촌,54609,15084,54,-123,-137,-138,-139,-140,-141,-143,-147,,
경북,예천군,경북 예천군,합계,농어촌,54609,15084,54,571,562,569,568,567,566,565,561,,
경북,울릉군,경북 울릉군,건물,농어촌,9099,4851,56,38,37,38,38,39,39,40,42,,
경북,울릉군,경북 울릉군,농축산,농어촌,9099,4851,56,1,1,1,1,1,1,1,1,,
경북,울릉군,경북 울릉군,수송,농어촌,9099,4851,56,26,29,29,30,30,30,31,33,,
경북,울릉군,경북 울릉군,폐기물,농어촌,9099,4851,56,4,3,2,2,2,2,2,2,,
경북,울릉군,경북 울릉군,흡수원,농어촌,9099,4851,56,-56,-41,-40,-39,-38,-37,-36,-33,,
경북,울릉군,경북 울릉군,합계,농어촌,9099,4851,56,69,69,70,71,72,73,74,77,,
경북,울진군,경북 울진군,건물,농어촌,46124,18522,55,414,268,288,309,329,349,369,449,,
경북,울진군,경북 울진군,농축산,농어촌,46124,18522,55,55,11,10,10,9,8,8,5,,
경북,울진군,경북 울진군,수송,농어촌,46124,18522,55,101,83,83,83,83,84,84,84,,
경북,울진군,경북 울진군,폐기물,농어촌,46124,18522,55,23,21,20,20,19,18,18,15,,
경북,울진군,경북 울진군,흡수원,농어촌,46124,18522,55,-843,-966,-968,-969,-970,-972,-973,-979,,
경북,울진군,경북 울진군,합계,농어촌,46124,18522,55,593,383,402,421,440,459,478,554,,
경북,의성군,경북 의성군,건물,농어촌,48690,15376,64,199,173,173,172,171,170,170,167,,
경북,의성군,경북 의성군,농축산,농어촌,48690,15376,64,249,237,236,235,234,233,232,228,,
경북,의성군,경북 의성군,수송,농어촌,48690,15376,64,130,131,130,129,129,128,128,125,,
경북,의성군,경북 의성군,폐기물,농어촌,48690,15376,64,21,21,21,21,21,21,21,21,,
경북,의성군,경북 의성군,흡수원,농어촌,48690,15376,64,-786,-708,-708,-708,-708,-708,-708,-707,,
경북,의성군,경북 의성군,합계,농어촌,48690,15376,64,599,562,559,557,554,552,550,540,,
경북,청도군,경북 청도군,건물,농어촌,40582,11911,62,150,125,123,122,120,119,118,113,,
경북,청도군,경북 청도군,농축산,농어촌,40582,11911,62,101,98,97,97,97,96,96,95,,
경북,청도군,경북 청도군,수송,농어촌,40582,11911,62,102,116,118,119,120,122,123,128,,
경북,청도군,경북 청도군,폐기물,농어촌,40582,11911,62,7,7,7,7,7,7,7,8,,
경북,청도군,경북 청도군,흡수원,농어촌,40582,11911,62,-444,-386,-387,-389,-390,-391,-392,-397,,
경북,청도군,경북 청도군,합계,농어촌,40582,11911,62,360,346,345,345,344,344,344,343,,
경북,청송군,경북 청송군,건물,농어촌,23716,8292,62,115,91,91,91,91,91,91,90,,
경북,청송군,경북 청송군,농축산,농어촌,23716,8292,62,29,32,32,32,32,31,27,21,,
경북,청송군,경북 청송군,수송,농어촌,23716,8292,62,61,61,60,60,60,59,59,58,,
경북,청송군,경북 청송군,폐기물,농어촌,23716,8292,62,7,7,7,7,7,7,7,7,,
경북,청송군,경북 청송군,흡수원,농어촌,23716,8292,62,-582,-461,-450,-440,-430,-420,-410,-375,,
경북,청송군,경북 청송군,합계,농어촌,23716,8292,62,212,190,190,189,189,189,184,176,,
경북,칠곡군,경북 칠곡군,건물,중소도시,107383,49985,48,468,466,470,474,479,483,487,504,,
경북,칠곡군,경북 칠곡군,농축산,중소도시,107383,49985,48,80,-195,-195,-196,-197,-198,-198,-201,,
경북,칠곡군,경북 칠곡군,수송,중소도시,107383,49985,48,304,353,360,366,373,379,386,413,,
경북,칠곡군,경북 칠곡군,폐기물,중소도시,107383,49985,48,44,38,37,35,34,32,31,27,,
경북,칠곡군,경북 칠곡군,흡수원,중소도시,107383,49985,48,-152,-154,-156,-159,-161,-163,-165,-175,,
경북,칠곡군,경북 칠곡군,합계,중소도시,107383,49985,48,896,662,671,680,688,697,706,744,,
경북,포항시,경북 포항시,건물,중소도시,491581,235200,49,1660,1505,1504,1504,1504,1375,817,761,,
경북,포항시,경북 포항시,농축산,중소도시,491581,235200,49,111,90,87,77,74,70,67,54,,
경북,포항시,경북 포항시,수송,중소도시,491581,235200,49,1124,1127,1124,1120,1114,1108,1100,1074,,
경북,포항시,경북 포항시,폐기물,중소도시,491581,235200,49,401,377,371,366,361,356,351,330,,
경북,포항시,경북 포항시,흡수원,중소도시,491581,235200,49,-559,-443,-432,-421,-411,-401,-391,-353,,
경북,포항시,경북 포항시,합계,중소도시,491581,235200,49,3297,3098,3086,3067,3053,2909,2335,2219,,
광주,광산구,광주 광산구,건물,대도시,391611,166052,42,1165,850,814,781,751,724,697,596,,
광주,광산구,광주 광산구,농축산,대도시,391611,166052,42,50,33,32,31,30,29,27,24,,
광주,광산구,광주 광산구,수송,대도시,391611,166052,42,826,779,756,735,714,693,673,596,,
광주,광산구,광주 광산구,폐기물,대도시,391611,166052,42,124,124,123,123,122,122,121,119,,
광주,광산구,광주 광산구,흡수원,대도시,391611,166052,42,-13,-37,-36,-36,-36,-36,-36,-35,,
광주,광산구,광주 광산구,합계,대도시,391611,166052,42,2166,1785,1726,1669,1617,1567,1519,1335,,
광주,남구,광주 남구,건물,대도시,207597,37817,47,541,465,456,448,440,433,426,404,,
광주,남구,광주 남구,농축산,대도시,207597,37817,47,14,12,12,12,12,12,12,12,,
광주,남구,광주 남구,수송,대도시,207597,37817,47,340,338,331,325,317,310,302,269,,
광주,남구,광주 남구,폐기물,대도시,207597,37817,47,75,73,72,70,69,68,67,63,,
광주,남구,광주 남구,흡수원,대도시,207597,37817,47,-1,-4,-4,-11,-12,-12,-12,-13,,
광주,남구,광주 남구,합계,대도시,207597,37817,47,970,888,871,855,838,823,808,748,,
광주,동구,광주 동구,건물,대도시,106203,42142,46,430,337,327,317,308,298,288,249,,
광주,동구,광주 동구,수송,대도시,106203,42142,46,156,151,151,140,140,130,129,128,,
광주,동구,광주 동구,폐기물,대도시,106203,42142,46,74,55,53,50,48,45,43,33,,
광주,동구,광주 동구,흡수원,대도시,106203,42142,46,-27,-38,-41,-43,-45,-47,-48,-53,,
광주,동구,광주 동구,합계,대도시,106203,42142,46,1630,1431,1402,1363,1334,1296,1268,1159,,
광주,북구,광주 북구,건물,대도시,423961,123362,45,1157,1064,1045,996,947,899,850,741,,
광주,북구,광주 북구,농축산,대도시,423961,123362,45,13,12,11,11,11,11,10,9,,
광주,북구,광주 북구,수송,대도시,423961,123362,45,817,695,668,632,596,560,523,492,,
광주,북구,광주 북구,폐기물,대도시,423961,123362,45,145,98,95,91,88,84,81,70,,
광주,북구,광주 북구,흡수원,대도시,423961,123362,45,,-27,-27,-27,-27,-27,-26,-26,,
광주,북구,광주 북구,합계,대도시,423961,123362,45,2132,1869,1819,1730,1642,1554,1464,1312,,
광주,서구,광주 서구,건물,대도시,279050,122860,46,964,970,811,804,797,790,782,755,,
광주,서구,광주 서구,농축산,대도시,279050,122860,46,5,9,9,9,9,9,9,9,,
광주,서구,광주 서구,수송,대도시,279050,122860,46,610,535,525,515,504,493,481,430,,
광주,서구,광주 서구,폐기물,대도시,279050,122860,46,63,40,38,36,34,33,31,25,,
광주,서구,광주 서구,흡수원,대도시,279050,122860,46,2,-2,-2,-2,-2,-2,-2,-2,,
광주,서구,광주 서구,합계,대도시,279050,122860,46,1642,1554,1383,1364,1344,1325,1303,1219,,
대구,군위군,대구 군위군,건물,농어촌,22463,8928,64,130,101,99,97,94,92,90,81,,
대구,군위군,대구 군위군,농축산,농어촌,22463,8928,64,111,82,81,81,80,79,79,76,,
대구,군위군,대구 군위군,수송,농어촌,22463,8928,64,109,199,198,196,195,194,192,186,,
대구,군위군,대구 군위군,폐기물,농어촌,22463,8928,64,8,16,17,18,19,20,21,24,,
대구,군위군,대구 군위군,흡수원,농어촌,22463,8928,64,-321,-239,-231,-224,-216,-210,-203,-179,,
대구,군위군,대구 군위군,합계,농어촌,22463,8928,64,359,398,395,391,389,385,381,368,,
대구,남구,대구 남구,건물,대도시,136263,36159,52,442,326,310,297,285,272,255,202,,
대구,남구,대구 남구,수송,대도시,136263,36159,52,170,141,137,134,130,126,122,106,,
대구,남구,대구 남구,폐기물,대도시,136263,36159,52,51,35,33,31,30,28,27,20,,
대구,남구,대구 남구,흡수원,대도시,136263,36159,52,-7,-8,-8,-9,-9,-9,-9,-10,,
대구,남구,대구 남구,합계,대도시,136263,36159,52,1022,900,875,854,833,811,785,696,,
대구,달서구,대구 달서구,건물,대도시,522021,149810,47,1530,,,,,,869,766,,
대구,달서구,대구 달서구,농축산,대도시,522021,149810,47,0,,,,,,0,0,,
대구,달서구,대구 달서구,수송,대도시,522021,149810,47,732,,,,,,368,249,,
대구,달서구,대구 달서구,폐기물,대도시,522021,149810,47,290,,,,,,188,155,,
대구,달서구,대구 달서구,흡수원,대도시,522021,149810,47,-17,,,,,,-21,-22,,
대구,달서구,대구 달서구,합계,대도시,522021,149810,47,2552,0,0,0,0,0,1425,1170,,
대구,달성군,대구 달성군,건물,농어촌,257580,94823,44,730,604,590,574,555,539,521,458,,
대구,달성군,대구 달성군,농축산,농어촌,257580,94823,44,61,51,49,48,46,41,40,37,,
대구,달성군,대구 달성군,수송,농어촌,257580,94823,44,546,592,580,563,546,528,518,511,,
대구,달성군,대구 달성군,폐기물,농어촌,257580,94823,44,127,99,95,91,87,83,80,67,,
대구,달성군,대구 달성군,흡수원,농어촌,257580,94823,44,-209,-241,-249,-256,-264,-273,-281,-316,,
대구,달성군,대구 달성군,합계,농어촌,257580,94823,44,1465,1346,1313,1275,1234,1192,1160,1072,,
대구,동구,대구 동구,건물,대도시,342339,83560,49,1042,803,791,772,760,749,618,576,,
대구,동구,대구 동구,농축산,대도시,342339,83560,49,9,7,7,7,7,6,6,6,,
대구,동구,대구 동구,수송,대도시,342339,83560,49,544,468,458,448,438,429,420,386,,
대구,동구,대구 동구,폐기물,대도시,342339,83560,49,124,111,111,110,110,109,109,107,,
대구,동구,대구 동구,흡수원,대도시,342339,83560,49,-101,-123,-127,-131,-134,-138,-141,-148,,
대구,동구,대구 동구,합계,대도시,342339,83560,49,1719,1389,1367,1337,1315,1293,1153,1074,,
대구,북구,대구 북구,건물,대도시,413010,108644,47,1173,964,954,943,865,777,689,648,,
대구,북구,대구 북구,농축산,대도시,413010,108644,47,6,3,2,2,2,2,2,1,,
대구,북구,대구 북구,수송,대도시,413010,108644,47,697,566,546,524,502,479,455,383,,
대구,북구,대구 북구,폐기물,대도시,413010,108644,47,161,135,131,128,125,121,118,104,,
대구,북구,대구 북구,흡수원,대도시,413010,108644,47,-41,-42,-42,-42,-42,-42,-43,-43,,
대구,북구,대구 북구,합계,대도시,413010,108644,47,2036,1668,1633,1597,1494,1380,1264,1137,,
대구,서구,대구 서구,건물,대도시,163135,54437,54,573,376,358,346,334,327,304,264,,
대구,서구,대구 서구,수송,대도시,163135,54437,54,453,324,315,307,298,289,279,253,,
대구,서구,대구 서구,폐기물,대도시,163135,54437,54,133,108,108,109,110,111,107,117,,
대구,서구,대구 서구,흡수원,대도시,163135,54437,54,1,0,0,-1,-1,-1,-1,-1,,
대구,서구,대구 서구,합계,대도시,163135,54437,54,1158,808,782,762,742,726,691,634,,
대구,수성구,대구 수성구,건물,대도시,409107,109756,48,1136,,,,,,844,793,,
대구,수성구,대구 수성구,농축산,대도시,409107,109756,48,0,,,,,,0,0,,
대구,수성구,대구 수성구,수송,대도시,409107,109756,48,566,,,,,,449,398,,
대구,수성구,대구 수성구,폐기물,대도시,409107,109756,48,119,,,,,,81,72,,
대구,수성구,대구 수성구,흡수원,대도시,409107,109756,48,-41,,,,,,-41,-43,,
대구,수성구,대구 수성구,합계,대도시,409107,109756,48,1821,0,0,0,0,0,1374,1263,,
대구,중구,대구 중구,건물,대도시,97711,66085,42,447,327,319,314,308,297,288,267,,
대구,중구,대구 중구,수송,대도시,97711,66085,42,61,34,33,32,30,28,26,25,,
대구,중구,대구 중구,폐기물,대도시,97711,66085,42,58,46,45,43,42,41,39,35,,
대구,중구,대구 중구,흡수원,대도시,97711,66085,42,0,-5,-6,-8,-8,-9,-10,-14,,
대구,중구,대구 중구,합계,대도시,97711,66085,42,566,408,397,389,380,366,353,327,,
대전,대덕구,대전 대덕구,건물,대도시,168217,89846,49,633,557,553,548,544,538,357,333,,
대전,대덕구,대전 대덕구,농축산,대도시,168217,89846,49,1,0,0,0,0,0,0,0,,
대전,대덕구,대전 대덕구,수송,대도시,168217,89846,49,427,377,371,366,360,355,350,332,,
대전,대덕구,대전 대덕구,폐기물,대도시,168217,89846,49,305,298,300,302,304,306,307,313,,
대전,대덕구,대전 대덕구,흡수원,대도시,168217,89846,49,-8,-42,-44,-45,-47,-48,-50,-54,,
대전,대덕구,대전 대덕구,합계,대도시,168217,89846,49,1367,1232,1224,1216,1208,1199,1014,977,,
대전,동구,대전 동구,건물,대도시,150836,56863,45,652,586,576,568,560,551,350,316,,
대전,동구,대전 동구,농축산,대도시,150836,56863,45,2,1,1,1,1,1,1,1,,
대전,동구,대전 동구,수송,대도시,150836,56863,45,382,410,404,397,391,378,375,367,,
대전,동구,대전 동구,폐기물,대도시,150836,56863,45,92,34,33,31,30,29,28,23,,
대전,동구,대전 동구,흡수원,대도시,150836,56863,45,-72,-73,-75,-76,-77,-77,-77,-78,,
대전,동구,대전 동구,합계,대도시,150836,56863,45,1127,1030,1013,997,982,959,753,707,,
대전,서구,대전 서구,건물,대도시,457951,145478,44,1389,999,949,928,903,884,865,843,,
대전,서구,대전 서구,농축산,대도시,457951,145478,44,10,9,9,9,9,8,8,8,,
대전,서구,대전 서구,수송,대도시,457951,145478,44,790,688,679,671,663,639,632,611,,
대전,서구,대전 서구,폐기물,대도시,457951,145478,44,128,98,97,96,95,94,93,90,,
대전,서구,대전 서구,흡수원,대도시,457951,145478,44,-33,-34,-36,-38,-40,-40,-41,-43,,
대전,서구,대전 서구,합계,대도시,457951,145478,44,2317,1760,1698,1665,1630,1585,1558,1509,,
대전,유성구,대전 유성구,건물,대도시,369468,169534,40,1624,1346,1298,1248,1179,1098,915,829,,
대전,유성구,대전 유성구,농축산,대도시,369468,169534,40,11,11,11,11,11,11,11,11,,
대전,유성구,대전 유성구,수송,대도시,369468,169534,40,686,639,629,619,610,599,554,461,,
대전,유성구,대전 유성구,폐기물,대도시,369468,169534,40,138,89,88,86,85,83,59,51,,
대전,유성구,대전 유성구,흡수원,대도시,369468,169534,40,-49,-56,-57,-58,-58,-60,-63,-81,,
대전,유성구,대전 유성구,합계,대도시,369468,169534,40,2459,2028,1965,1906,1826,1732,1476,1270,,
대전,중구,대전 중구,건물,대도시,207000,42753,49,718,537,501,463,427,391,358,331,,
대전,중구,대전 중구,농축산,대도시,207000,42753,49,2,1,1,1,1,1,1,1,,
대전,중구,대전 중구,수송,대도시,207000,42753,49,416,376,368,361,353,345,337,308,,
대전,중구,대전 중구,폐기물,대도시,207000,42753,49,154,113,110,107,105,102,99,87,,
대전,중구,대전 중구,흡수원,대도시,207000,42753,49,-27,-9,-9,-25,-25,-25,-24,-23,,
대전,중구,대전 중구,합계,대도시,207000,42753,49,1290,1018,972,907,860,814,771,703,,
부산,강서구,부산 강서구,건물,대도시,142789,190510,41,580,538,534,383,367,372,352,337,,
부산,강서구,부산 강서구,농축산,대도시,142789,190510,41,30,22,21,19,18,17,16,12,,
부산,강서구,부산 강서구,수송,대도시,142789,190510,41,299,205,195,181,179,179,162,156,,
부산,강서구,부산 강서구,폐기물,대도시,142789,190510,41,109,90,91,91,92,93,94,97,,
부산,강서구,부산 강서구,흡수원,대도시,142789,190510,41,3,-4,-3,-3,-13,-13,-13,-12,,
부산,강서구,부산 강서구,합계,대도시,142789,190510,41,1018,855,840,675,656,661,624,602,,
부산,금정구,부산 금정구,건물,대도시,209932,49751,51,672,469,451,435,419,405,392,357,,
부산,금정구,부산 금정구,농축산,대도시,209932,49751,51,0,0,0,0,0,0,0,0,,
부산,금정구,부산 금정구,수송,대도시,209932,49751,51,418,368,348,326,304,283,266,225,,
부산,금정구,부산 금정구,폐기물,대도시,209932,49751,51,61,21,16,12,7,3,0,0,,
부산,금정구,부산 금정구,흡수원,대도시,209932,49751,51,-34,-48,-51,-53,-56,-58,-62,-73,,
부산,금정구,부산 금정구,합계,대도시,209932,49751,51,1151,857,815,772,730,691,657,582,,
부산,기장군,부산 기장군,건물,대도시,175626,53985,45,534,472,462,449,434,416,398,327,,
부산,기장군,부산 기장군,농축산,대도시,175626,53985,45,9,5,4,3,3,2,1,0,,
부산,기장군,부산 기장군,수송,대도시,175626,53985,45,314,301,291,280,268,257,248,228,,
부산,기장군,부산 기장군,폐기물,대도시,175626,53985,45,70,58,58,57,57,56,56,53,,
부산,기장군,부산 기장군,흡수원,대도시,175626,53985,45,-112,-110,-111,-113,-116,-118,-120,-128,,
부산,기장군,부산 기장군,합계,대도시,175626,53985,45,927,836,815,790,760,730,703,607,,
부산,남구,부산 남구,건물,대도시,254498,87586,48,718,447,407,382,357,333,310,224,,
부산,남구,부산 남구,수송,대도시,254498,87586,48,491,462,443,425,406,388,375,354,,
부산,남구,부산 남구,폐기물,대도시,254498,87586,48,87,52,49,47,44,42,40,37,,
부산,남구,부산 남구,흡수원,대도시,254498,87586,48,-8,-9,-10,-10,-10,-10,-11,-12,,
부산,남구,부산 남구,합계,대도시,254498,87586,48,1296,960,899,853,807,763,725,615,,
부산,동구,부산 동구,건물,대도시,85911,56995,53,340,263,252,238,224,211,198,149,,
부산,동구,부산 동구,수송,대도시,85911,56995,53,227,236,231,224,218,211,207,212,,
부산,동구,부산 동구,폐기물,대도시,85911,56995,53,120,102,100,97,94,92,89,81,,
부산,동구,부산 동구,흡수원,대도시,85911,56995,53,-2,-3,-3,-4,-4,-4,-4,-5,,
부산,동구,부산 동구,합계,대도시,85911,56995,53,687,601,582,559,537,514,495,442,,
부산,동래구,부산 동래구,건물,대도시,274370,46584,48,641,566,549,529,510,490,470,391,,
부산,동래구,부산 동래구,수송,대도시,274370,46584,48,361,382,371,357,343,330,322,322,,
부산,동래구,부산 동래구,폐기물,대도시,274370,46584,48,56,47,46,45,44,42,41,41,,
부산,동래구,부산 동래구,흡수원,대도시,274370,46584,48,-3,-14,-16,-19,-21,-23,-25,-34,,
부산,동래구,부산 동래구,합계,대도시,274370,46584,48,1058,995,966,931,896,862,833,755,,
부산,부산진구,부산 부산진구,건물,대도시,359281,129003,47,1106,917,879,842,804,766,729,578,,
부산,부산진구,부산 부산진구,수송,대도시,359281,129003,47,526,514,506,487,468,448,426,367,,
부산,부산진구,부산 부산진구,폐기물,대도시,359281,129003,47,34,24,23,23,22,22,21,19,,
부산,부산진구,부산 부산진구,흡수원,대도시,359281,129003,47,-8,-11,-12,-12,-13,-14,-15,-17,,
부산,부산진구,부산 부산진구,합계,대도시,359281,129003,47,2724,2450,2374,2283,2190,2098,2009,1718,,
부산,북구,부산 북구,건물,대도시,267692,34021,51,646,443,424,406,388,372,356,296,,
부산,북구,부산 북구,수송,대도시,267692,34021,51,433,418,402,382,362,343,328,309,,
부산,북구,부산 북구,폐기물,대도시,267692,34021,51,59,37,36,35,34,32,31,31,,
부산,북구,부산 북구,흡수원,대도시,267692,34021,51,-22,-40,-43,-46,-49,-53,-56,-71,,
부산,북구,부산 북구,합계,대도시,267692,34021,51,3862,3348,3236,3106,2974,2845,2724,2354,,
부산,사상구,부산 사상구,건물,대도시,198635,76498,51,1127,806,783,747,728,713,713,575,,
부산,사상구,부산 사상구,농축산,대도시,198635,76498,51,400,358,346,332,318,305,298,270,,
부산,사상구,부산 사상구,수송,대도시,198635,76498,51,624,363,353,358,379,404,415,304,,
부산,사상구,부산 사상구,폐기물,대도시,198635,76498,51,103,85,83,57,31,5,-,-,,
부산,사상구,부산 사상구,흡수원,대도시,198635,76498,51,-9,-12,-8,-8,-8,-8,-9,-10,,
부산,사상구,부산 사상구,합계,대도시,198635,76498,51,2253,1613,1565,1495,1455,1427,1426,1148,,
부산,사하구,부산 사하구,건물,대도시,292491,77779,51,745,640,615,589,562,540,510,467,,
부산,사하구,부산 사하구,수송,대도시,292491,77779,51,493,470,451,431,410,406,375,355,,
부산,사하구,부산 사하구,폐기물,대도시,292491,77779,51,99,79,76,72,67,61,56,44,,
부산,사하구,부산 사하구,흡수원,대도시,292491,77779,51,-9,-76,-79,-81,-139,-139,-139,-140,,
부산,사하구,부산 사하구,합계,대도시,292491,77779,51,3590,2802,2707,2586,2494,2434,2367,2014,,
부산,서구,부산 서구,건물,대도시,103188,36385,52,300,202,193,184,173,164,156,122,,
부산,서구,부산 서구,수송,대도시,103188,36385,52,119,120,115,110,103,98,94,90,,
부산,서구,부산 서구,폐기물,대도시,103188,36385,52,39,20,19,17,16,15,14,11,,
부산,서구,부산 서구,흡수원,대도시,103188,36385,52,-6,-8,-8,-8,-9,-9,-9,-11,,
부산,서구,부산 서구,합계,대도시,103188,36385,52,4047,3144,3034,2896,2786,2711,2630,2237,,
부산,수영구,부산 수영구,건물,대도시,171918,33731,50,430,229,212,177,160,145,114,50,,
부산,수영구,부산 수영구,수송,대도시,171918,33731,50,350,520,516,504,498,496,514,50,,
부산,수영구,부산 수영구,폐기물,대도시,171918,33731,50,25,1,0,0,0,0,0,0,,
부산,수영구,부산 수영구,흡수원,대도시,171918,33731,50,-2,-5,-5,-6,-7,-7,-8,-9,,
부산,수영구,부산 수영구,합계,대도시,171918,33731,50,4852,3894,3762,3577,3444,3352,3258,2338,,
부산,연제구,부산 연제구,건물,대도시,212589,72890,48,502,422,409,396,382,369,353,296,,
부산,연제구,부산 연제구,수송,대도시,212589,72890,48,404,427,414,400,385,371,360,356,,
부산,연제구,부산 연제구,폐기물,대도시,212589,72890,48,37,25,24,24,23,23,22,23,,
부산,연제구,부산 연제구,흡수원,대도시,212589,72890,48,-2,-3,-4,-4,-4,-4,-5,-6,,
부산,연제구,부산 연제구,합계,대도시,212589,72890,48,5795,4767,4610,4397,4235,4113,3993,3012,,
부산,영도구,부산 영도구,건물,대도시,103737,35156,55,280,205,196,186,177,168,158,121,,
부산,영도구,부산 영도구,농축산,대도시,103737,35156,55,0,0,0,0,0,-1,-1,-1,,
부산,영도구,부산 영도구,수송,대도시,103737,35156,55,161,105,97,90,82,75,67,38,,
부산,영도구,부산 영도구,폐기물,대도시,103737,35156,55,33,22,20,17,15,13,11,2,,
부산,영도구,부산 영도구,흡수원,대도시,103737,35156,55,-3,-4,-5,-5,-5,-6,-6,-8,,
부산,영도구,부산 영도구,합계,대도시,103737,35156,55,474,332,313,294,275,255,236,160,,
부산,중구,부산 중구,건물,대도시,37537,46554,54,290,,,,,,206,81,,
부산,중구,부산 중구,수송,대도시,37537,46554,54,208,,,,,,204,36,,
부산,중구,부산 중구,폐기물,대도시,37537,46554,54,28,,,,,,25,0,,
부산,중구,부산 중구,흡수원,대도시,37537,46554,54,0,,,,,,0,0,,
부산,중구,부산 중구,합계,대도시,37537,46554,54,1000,332,313,294,275,255,671,277,,
부산,해운대구,부산 해운대구,건물,대도시,376404,111013,50,1283,,,,,,972,817,,
부산,해운대구,부산 해운대구,수송,대도시,376404,111013,50,659,,,,,,709,724,,
부산,해운대구,부산 해운대구,폐기물,대도시,376404,111013,50,71,,,,,,64,62,,
부산,해운대구,부산 해운대구,흡수원,대도시,376404,111013,50,-25,,,,,,-30,-32,,
부산,해운대구,부산 해운대구,합계,대도시,376404,111013,50,3013,332,313,294,275,255,2416,1880,,
서울,강남구,서울 강남구,농축산,대도시,557345,900337,44,0,0,0,0,0,0,0,0,,
서울,강남구,서울 강남구,수송,대도시,557345,900337,44,538,407,350,343,335,324,299,251,,
서울,강남구,서울 강남구,폐기물,대도시,557345,900337,44,202,187,200,194,188,183,177,160,,
서울,강남구,서울 강남구,흡수원,대도시,557345,900337,44,-5,-4,-4,-4,-4,-4,-4,-4,,
서울,강남구,서울 강남구,합계,대도시,557345,900337,44,4026,3455,3210,3034,2862,2680,2418,1810,,
서울,강동구,서울 강동구,건물,대도시,476942,103284,45,1097,953,906,844,783,722,513,284,,
서울,강동구,서울 강동구,수송,대도시,476942,103284,45,285,223,216,213,202,198,194,175,,
서울,강동구,서울 강동구,폐기물,대도시,476942,103284,45,164,127,149,142,134,127,119,96,,
서울,강동구,서울 강동구,흡수원,대도시,476942,103284,45,3,3,3,3,3,3,3,3,,
서울,강동구,서울 강동구,합계,대도시,476942,103284,45,1547,1304,1271,1198,1119,1047,826,555,,
서울,강북구,서울 강북구,건물,대도시,283597,41210,51,731,627,599,576,554,531,505,425,,
서울,강북구,서울 강북구,수송,대도시,283597,41210,51,245,210,196,189,180,169,155,145,,
서울,강북구,서울 강북구,폐기물,대도시,283597,41210,51,95,85,83,82,81,80,79,76,,
서울,강북구,서울 강북구,흡수원,대도시,283597,41210,51,-8,-23,-23,-23,-23,-23,-23,-22,,
서울,강북구,서울 강북구,합계,대도시,283597,41210,51,1072,921,878,847,814,780,739,646,,
서울,강서구,서울 강서구,건물,대도시,556171,207901,44,1694,1500,1421,1356,1294,1192,1057,874,,
서울,강서구,서울 강서구,수송,대도시,556171,207901,44,605,453,438,422,404,385,327,274,,
서울,강서구,서울 강서구,폐기물,대도시,556171,207901,44,268,205,187,180,173,166,158,137,,
서울,강서구,서울 강서구,흡수원,대도시,556171,207901,44,1,0,0,0,0,0,-2,-2,,
서울,강서구,서울 강서구,합계,대도시,556171,207901,44,2567,2158,2046,1958,1870,1743,1542,1285,,
서울,관악구,서울 관악구,건물,대도시,477812,64849,40,1309,1104,1059,1019,980,943,821,712,,
서울,관악구,서울 관악구,수송,대도시,477812,64849,40,243,182,177,174,170,156,149,116,,
서울,관악구,서울 관악구,폐기물,대도시,477812,64849,40,227,185,198,191,185,179,123,105,,
서울,관악구,서울 관악구,흡수원,대도시,477812,64849,40,-12,-18,-19,-20,-21,-23,-26,-34,,
서울,관악구,서울 관악구,합계,중소도시,477812,64849,40,1779,1471,1435,1384,1336,1278,1092,933,,
서울,광진구,서울 광진구,건물,대도시,331963,80505,43,1015,881,825,775,729,677,618,545,,
서울,광진구,서울 광진구,수송,대도시,331963,80505,43,392,317,308,300,290,280,263,231,,
서울,광진구,서울 광진구,폐기물,대도시,331963,80505,43,107,74,80,76,71,65,62,47,,
서울,광진구,서울 광진구,흡수원,대도시,331963,80505,43,-2,-2,-2,-2,-2,-2,-2,-2,,
서울,광진구,서울 광진구,합계,대도시,331963,80505,43,1514,1272,1213,1150,1091,1022,944,823,,
서울,구로구,서울 구로구,건물,대도시,388169,173262,47,1325,1207,1165,1130,1095,1057,1005,857,,
서울,구로구,서울 구로구,농축산,대도시,388169,173262,47,0,0,0,0,0,0,0,0,,
서울,구로구,서울 구로구,수송,대도시,388169,173262,47,313,242,237,226,208,184,162,115,,
서울,구로구,서울 구로구,폐기물,대도시,388169,173262,47,96,83,86,80,71,63,54,41,,
서울,구로구,서울 구로구,흡수원,대도시,388169,173262,47,0,-2,-2,-3,-3,-3,-4,-4,,
서울,구로구,서울 구로구,합계,대도시,388169,173262,47,1733,1528,1484,1432,1370,1301,1217,1007,,
서울,금천구,서울 금천구,건물,대도시,225159,210344,48,895,778,736,698,658,614,558,412,,
서울,금천구,서울 금천구,수송,대도시,225159,210344,48,247,192,168,158,148,138,129,88,,
서울,금천구,서울 금천구,폐기물,대도시,225159,210344,48,107,77,84,80,77,74,66,69,,
서울,금천구,서울 금천구,흡수원,대도시,225159,210344,48,-2,-4,-7,-7,-7,-7,-7,-7,,
서울,금천구,서울 금천구,합계,대도시,225159,210344,48,1249,1047,988,937,883,827,752,569,,
서울,노원구,서울 노원구,건물,대도시,491247,73850,47,1204,1126,1100,1075,1034,992,899,851,,
서울,노원구,서울 노원구,수송,대도시,491247,73850,47,379,299,287,260,247,235,216,196,,
서울,노원구,서울 노원구,폐기물,대도시,491247,73850,47,67,56,58,54,50,46,41,35,,
서울,노원구,서울 노원구,흡수원,대도시,491247,73850,47,-8,-7,-7,-8,-8,-9,-9,-11,,
서울,노원구,서울 노원구,합계,대도시,491247,73850,47,1650,1479,1442,1381,1313,1248,1112,1033,,
서울,도봉구,서울 도봉구,건물,대도시,303228,36520,51,678,582,553,527,501,475,388,301,,
서울,도봉구,서울 도봉구,수송,대도시,303228,36520,51,357,278,273,267,245,238,229,184,,
서울,도봉구,서울 도봉구,폐기물,대도시,303228,36520,51,110,85,91,88,84,81,76,64,,
서울,도봉구,서울 도봉구,흡수원,대도시,303228,36520,51,-5,-6,-6,-6,-6,-7,-7,-8,,
서울,도봉구,서울 도봉구,합계,대도시,303228,36520,51,1145,944,917,881,830,793,694,550,,
서울,동대문구,서울 동대문구,건물,대도시,338735,89900,43,998,882,841,807,774,736,659,556,,
서울,동대문구,서울 동대문구,농축산,대도시,338735,89900,43,0,0,0,0,0,0,0,0,,
서울,동대문구,서울 동대문구,수송,대도시,338735,89900,43,317,252,243,233,218,199,147,94,,
서울,동대문구,서울 동대문구,폐기물,대도시,338735,89900,43,215,163,175,166,153,144,130,109,,
서울,동대문구,서울 동대문구,흡수원,대도시,338735,89900,43,-1,-2,-2,-3,-3,-3,-4,-6,,
서울,동대문구,서울 동대문구,합계,대도시,338735,89900,43,1530,1298,1259,1205,1145,1079,936,758,,
서울,동작구,서울 동작구,건물,대도시,375799,76149,43,1005,926,884,842,783,702,635,554,,
서울,동작구,서울 동작구,농축산,대도시,375799,76149,43,0,0,0,0,0,0,0,0,,
서울,동작구,서울 동작구,수송,대도시,375799,76149,43,201,164,159,153,144,135,125,96,,
서울,동작구,서울 동작구,폐기물,대도시,375799,76149,43,176,160,171,166,161,132,126,111,,
서울,동작구,서울 동작구,흡수원,대도시,375799,76149,43,0,-1,-1,-1,-1,-1,-1,-1,,
서울,동작구,서울 동작구,합계,대도시,375799,76149,43,1381,1250,1214,1161,1087,969,885,761,,
서울,마포구,서울 마포구,건물,대도시,361417,231693,42,1558,1358,1305,1259,1215,1173,1120,994,,
서울,마포구,서울 마포구,수송,대도시,361417,231693,42,142,89,84,79,72,64,39,10,,
서울,마포구,서울 마포구,폐기물,대도시,361417,231693,42,181,95,107,102,97,93,88,73,,
서울,마포구,서울 마포구,흡수원,대도시,361417,231693,42,1,-44,-45,-45,-45,-45,-45,-45,,
서울,마포구,서울 마포구,합계,대도시,361417,231693,42,1880,1543,1496,1440,1385,1330,1246,1078,,
서울,서대문구,서울 서대문구,건물,대도시,302853,87762,43,990,846,811,780,746,691,633,515,,
서울,서대문구,서울 서대문구,수송,대도시,302853,87762,43,218,165,161,155,146,136,122,108,,
서울,서대문구,서울 서대문구,폐기물,대도시,302853,87762,43,158,144,155,151,146,143,138,126,,
서울,서대문구,서울 서대문구,흡수원,대도시,302853,87762,43,-4,-4,-4,-4,-4,-4,-4,-5,,
서울,서대문구,서울 서대문구,합계,대도시,302853,87762,43,1367,1156,1126,1085,1039,969,893,748,,
서울,서초구,서울 서초구,건물,대도시,408376,402521,44,2106,1866,1787,1668,1512,1319,1080,124,,
서울,서초구,서울 서초구,수송,대도시,408376,402521,44,717,656,645,635,623,612,600,549,,
서울,서초구,서울 서초구,폐기물,대도시,408376,402521,44,211,190,204,198,192,187,181,164,,
서울,서초구,서울 서초구,흡수원,대도시,408376,402521,44,-6,-6,-6,-6,-6,-6,-6,-6,,
서울,서초구,서울 서초구,합계,대도시,408376,402521,44,3034,2711,2636,2500,2327,2118,1861,837,,
서울,성동구,서울 성동구,건물,대도시,273669,167513,44,1223,1092,1018,981,939,884,780,717,,
서울,성동구,서울 성동구,수송,대도시,273669,167513,44,261,213,204,200,188,182,173,153,,
서울,성동구,서울 성동구,폐기물,대도시,273669,167513,44,149,42,51,44,40,34,29,16,,
서울,성동구,서울 성동구,흡수원,대도시,273669,167513,44,1,-1,-1,-2,-2,-2,-2,-3,,
서울,성동구,서울 성동구,합계,대도시,273669,167513,44,1633,1347,1273,1226,1166,1100,982,885,,
서울,성북구,서울 성북구,건물,대도시,421560,64603,44,1141,988,953,921,889,809,661,578,,
서울,성북구,서울 성북구,수송,대도시,421560,64603,44,361,283,280,268,261,253,240,219,,
서울,성북구,서울 성북구,폐기물,대도시,421560,64603,44,156,123,132,128,123,119,114,100,,
서울,성북구,서울 성북구,흡수원,대도시,421560,64603,44,-7,-19,-19,-19,-19,-20,-20,-20,,
서울,성북구,서울 성북구,합계,대도시,421560,64603,44,1658,1394,1365,1316,1274,1181,1015,897,,
서울,송파구,서울 송파구,건물,대도시,650110,337757,44,2050,1832,1756,1692,1576,1416,1211,1026,,
서울,송파구,서울 송파구,수송,대도시,650110,337757,44,577,430,422,411,399,383,350,287,,
서울,송파구,서울 송파구,폐기물,대도시,650110,337757,44,374,296,321,310,301,291,280,251,,
서울,송파구,서울 송파구,흡수원,대도시,650110,337757,44,2,1,1,1,0,0,0,0,,
서울,송파구,서울 송파구,합계,대도시,650110,337757,44,3001,2559,2498,2413,2275,2090,1842,1563,,
서울,양천구,서울 양천구,건물,대도시,430976,82873,47,1157,1013,964,924,885,796,688,559,,
서울,양천구,서울 양천구,수송,대도시,430976,82873,47,445,351,345,336,326,311,291,211,,
서울,양천구,서울 양천구,폐기물,대도시,430976,82873,47,61,38,39,36,33,30,25,14,,
서울,양천구,서울 양천구,흡수원,대도시,430976,82873,47,-2,-4,-4,-6,-6,-6,-7,-8,,
서울,양천구,서울 양천구,합계,대도시,430976,82873,47,1663,1401,1348,1296,1244,1137,1005,784,,
서울,영등포구,서울 영등포구,건물,대도시,373773,500545,44,1723,1542,1459,1393,1331,1270,1183,994,,
서울,영등포구,서울 영등포구,수송,대도시,373773,500545,44,491,375,369,363,355,346,335,299,,
서울,영등포구,서울 영등포구,폐기물,대도시,373773,500545,44,349,314,337,328,319,311,300,274,,
서울,영등포구,서울 영등포구,흡수원,대도시,373773,500545,44,0,-11,-11,-12,-12,-12,-12,-13,,
서울,영등포구,서울 영등포구,합계,대도시,373773,500545,44,2563,2231,2165,2084,2005,1927,1818,1566,,
서울,용산구,서울 용산구,건물,대도시,203854,178102,44,1020,888,851,817,784,751,698,522,,
서울,용산구,서울 용산구,수송,대도시,203854,178102,44,103,74,72,70,58,55,51,41,,
서울,용산구,서울 용산구,폐기물,대도시,203854,178102,44,181,165,177,172,167,163,158,144,,
서울,용산구,서울 용산구,흡수원,대도시,203854,178102,44,-1,-22,-22,-22,-22,-22,-22,-23,,
서울,용산구,서울 용산구,합계,대도시,203854,178102,44,1304,1127,1100,1059,1010,969,907,706,,
서울,은평구,서울 은평구,건물,대도시,460919,57833,47,797,938,905,873,843,801,742,669,,
서울,은평구,서울 은평구,수송,대도시,460919,57833,47,339,206,184,169,154,139,119,102,,
서울,은평구,서울 은평구,폐기물,대도시,460919,57833,47,156,84,92,85,79,74,68,54,,
서울,은평구,서울 은평구,흡수원,대도시,460919,57833,47,-7,-8,-8,-8,-9,-9,-9,-11,,
서울,은평구,서울 은평구,합계,대도시,460919,57833,47,1292,1228,1181,1128,1076,1013,929,826,,
서울,종로구,서울 종로구,건물,대도시,138336,342987,45,1162,1056,1050,1039,1027,1013,995,977,,
서울,종로구,서울 종로구,수송,대도시,138336,342987,45,41,27,26,25,24,23,21,17,,
서울,종로구,서울 종로구,폐기물,대도시,138336,342987,45,206,188,200,194,187,181,173,155,,
서울,종로구,서울 종로구,흡수원,대도시,138336,342987,45,-4,-14,-16,-17,-19,-20,-22,-28,,
서울,종로구,서울 종로구,합계,대도시,138336,342987,45,1409,1271,1276,1258,1238,1216,1190,1148,,
서울,중구,서울 중구,건물,대도시,120544,719669,44,1489,1277,1186,1114,1046,978,882,677,,
서울,중구,서울 중구,수송,대도시,120544,719669,44,435,303,297,291,285,278,271,244,,
서울,중구,서울 중구,폐기물,대도시,120544,719669,44,233,199,214,208,202,196,189,171,,
서울,중구,서울 중구,흡수원,대도시,120544,719669,44,0,-2,-2,-2,-2,-2,-2,-2,,
서울,중구,서울 중구,합계,대도시,120544,719669,44,2157,1779,1697,1613,1532,1453,1342,1092,,
서울,중랑구,서울 중랑구,건물,대도시,379274,52875,48,826,775,755,743,698,653,583,457,,
서울,중랑구,서울 중랑구,수송,대도시,379274,52875,48,317,258,254,244,232,221,198,145,,
서울,중랑구,서울 중랑구,폐기물,대도시,379274,52875,48,166,142,152,146,141,137,131,118,,
서울,중랑구,서울 중랑구,흡수원,대도시,379274,52875,48,-4,-4,-4,-4,-4,-4,-4,-4,,
서울,중랑구,서울 중랑구,합계,대도시,379274,52875,48,1309,1175,1160,1133,1072,1011,912,720,,
울산,남구,울산 남구,건물,대도시,304885,355615,46,1807,1538,1511,1484,1459,1428,1002,933,,
울산,남구,울산 남구,농축산,대도시,304885,355615,46,0,0,0,0,0,0,0,0,,
울산,남구,울산 남구,수송,대도시,304885,355615,46,643,561,548,533,519,498,475,410,,
울산,남구,울산 남구,폐기물,대도시,304885,355615,46,316,229,220,211,202,193,174,205,,
울산,남구,울산 남구,흡수원,대도시,304885,355615,46,2,1,1,1,1,1,1,0,,
울산,남구,울산 남구,합계,대도시,304885,355615,46,2765,2328,2279,2229,2180,2119,1651,1548,,
울산,동구,울산 동구,건물,대도시,150836,56863,45,377,317,306,294,282,265,198,138,,
울산,동구,울산 동구,농축산,대도시,150836,56863,45,0,0,0,0,0,0,0,0,,
울산,동구,울산 동구,수송,대도시,150836,56863,45,237,208,203,197,191,185,176,154,,
울산,동구,울산 동구,폐기물,대도시,150836,56863,45,86,69,66,63,59,56,46,34,,
울산,동구,울산 동구,흡수원,대도시,150836,56863,45,-15,-14,-14,-14,-14,-14,-14,-14,,
울산,동구,울산 동구,합계,대도시,150836,56863,45,700,593,575,553,531,505,420,326,,
울산,북구,울산 북구,건물,대도시,216522,160019,43,497,490,485,479,470,455,426,418,,
울산,북구,울산 북구,수송,대도시,216522,160019,43,398,422,417,408,398,388,352,346,,
울산,북구,울산 북구,폐기물,대도시,216522,160019,43,13,9,2,-10,-29,-54,-87,-87,,
울산,북구,울산 북구,흡수원,대도시,216522,160019,43,91,103,101,99,96,92,83,82,,
울산,북구,울산 북구,합계,대도시,216522,160019,43,1608,1514,1479,1430,1370,1294,1111,1003,,
울산,울주군,울산 울주군,건물,농어촌,218806,233618,49,930,,,,,,780,762,16,
울산,울주군,울산 울주군,농축산,농어촌,218806,233618,49,119,,,,,,42,40,65,
울산,울주군,울산 울주군,수송,농어촌,218806,233618,49,522,,,,,,438,430,16,
울산,울주군,울산 울주군,폐기물,농어촌,218806,233618,49,275,,,,,,211,207,23,
울산,울주군,울산 울주군,흡수원,농어촌,218806,233618,49,439,,,,,,-455,-455,204,
울산,울주군,울산 울주군,합계,농어촌,218806,233618,49,1846,,,,,,1471,1439,20,
울산,중구,울산 중구,건물,대도시,207000,42753,49,525,439,425,409,393,370,313,292,,
울산,중구,울산 중구,농축산,대도시,207000,42753,49,1,0,0,0,0,0,0,0,,
울산,중구,울산 중구,수송,대도시,207000,42753,49,382,335,323,308,294,280,264,250,,
울산,중구,울산 중구,폐기물,대도시,207000,42753,49,49,17,15,13,11,8,5,2,,
울산,중구,울산 중구,흡수원,대도시,207000,42753,49,-5,-10,-10,-10,-11,-11,-11,-12,,
울산,중구,울산 중구,합계,대도시,207000,42753,49,957,791,763,730,698,658,582,544,,
인천,강화군,인천 강화군,건물,농어촌,69402,56581,60,282,238,239,236,227,227,159,175,,
인천,강화군,인천 강화군,농축산,농어촌,69402,56581,60,180,154,152,149,147,145,142,134,,
인천,강화군,인천 강화군,수송,농어촌,69402,56581,60,160,264,260,251,236,215,191,145,,
인천,강화군,인천 강화군,폐기물,농어촌,69402,56581,60,21,19,19,19,19,19,18,17,,
인천,강화군,인천 강화군,흡수원,농어촌,69402,56581,60,6,-76,-74,-73,-72,-70,-69,-63,,
인천,강화군,인천 강화군,합계,농어촌,69402,56581,60,643,675,669,655,628,606,511,470,,
인천,남동구,인천 남동구,건물,대도시,486225,86022,47,1429,1385,1385,1384,1383,1382,1381,1377,,
인천,남동구,인천 남동구,농축산,대도시,486225,86022,47,1,1,1,1,1,1,1,1,,
인천,남동구,인천 남동구,수송,대도시,486225,86022,47,1220,1088,1047,990,910,814,708,511,,
인천,남동구,인천 남동구,폐기물,대도시,486225,86022,47,217,210,211,211,211,211,211,208,,
인천,남동구,인천 남동구,흡수원,대도시,486225,86022,47,-17,-17,-17,-17,-17,-17,-17,-17,,
인천,남동구,인천 남동구,합계,대도시,486225,86022,47,2866,2685,2644,2585,2504,2408,2300,2097,,
인천,동구,인천 동구,건물,대도시,58296,8943,51,193,163,161,158,156,154,151,141,,
인천,동구,인천 동구,수송,대도시,58296,8943,51,129,105,102,97,94,89,86,67,,
인천,동구,인천 동구,폐기물,대도시,58296,8943,51,49,40,40,39,38,38,37,33,,
인천,동구,인천 동구,흡수원,대도시,58296,8943,51,0,0,0,0,0,0,0,0,,
인천,동구,인천 동구,합계,대도시,58296,8943,51,371,309,302,295,288,281,274,241,,
인천,미추홀구,인천 미추홀구,건물,대도시,412274,206782,42,1041,941,938,935,932,929,648,634,,
인천,미추홀구,인천 미추홀구,수송,대도시,412274,206782,42,968,785,769,754,738,720,700,647,,
인천,미추홀구,인천 미추홀구,폐기물,대도시,412274,206782,42,146,133,131,130,128,126,125,118,,
인천,미추홀구,인천 미추홀구,흡수원,대도시,412274,206782,42,-2,-3,-3,-3,-3,-3,-3,-3,,
인천,미추홀구,인천 미추홀구,합계,대도시,412274,206782,42,2155,1860,1839,1819,1798,1775,1473,1400,,
인천,부평구,인천 부평구,건물,대도시,493200,167395,49,1311,977,959,917,843,829,620,579,,
인천,부평구,인천 부평구,농축산,대도시,493200,167395,49,0,0,0,0,0,0,0,0,,
인천,부평구,인천 부평구,수송,대도시,493200,167395,49,904,1000,961,907,834,748,651,487,,
인천,부평구,인천 부평구,폐기물,대도시,493200,167395,49,180,154,151,148,145,142,140,132,,
인천,부평구,인천 부평구,흡수원,대도시,493200,167395,49,-4,-10,-10,-10,-11,-11,-11,-12,,
인천,부평구,인천 부평구,합계,대도시,493200,167395,49,2395,2131,2070,1973,1823,1720,1412,1198,,
인천,서구,인천 서구,건물,대도시,634064,123447,46,2151,1878,1892,1906,1919,1930,1365,1389,,
인천,서구,인천 서구,농축산,대도시,634064,123447,46,5,3,3,2,2,2,2,2,,
인천,서구,인천 서구,수송,대도시,634064,123447,46,978,965,962,954,927,903,843,782,,
인천,서구,인천 서구,폐기물,대도시,634064,123447,46,318,213,206,200,191,186,109,92,,
인천,서구,인천 서구,흡수원,대도시,634064,123447,46,-152,-183,-187,-191,-194,-197,-201,-213,,
인천,서구,인천 서구,합계,대도시,634064,123447,46,3453,3059,3063,3062,3039,3021,2319,2264,,
인천,연수구,인천 연수구,건물,대도시,400213,45247,47,1351,1313,1288,1259,1229,1197,1166,1209,,
인천,연수구,인천 연수구,농축산,대도시,400213,45247,47,0,0,0,0,0,0,0,0,,
인천,연수구,인천 연수구,수송,대도시,400213,45247,47,665,505,481,469,455,439,393,346,,
인천,연수구,인천 연수구,폐기물,대도시,400213,45247,47,142,33,36,36,38,40,41,46,,
인천,연수구,인천 연수구,흡수원,대도시,400213,45247,47,-3,-48,-56,-64,-72,-80,-87,-119,,
인천,연수구,인천 연수구,합계,대도시,400213,45247,47,2159,1852,1805,1764,1722,1676,1599,1602,,
인천,옹진군,인천 옹진군,건물,농어촌,19996,230261,57,90,74,72,69,66,64,61,45,,
인천,옹진군,인천 옹진군,농축산,농어촌,19996,230261,57,11,9,8,7,7,6,5,0,,
인천,옹진군,인천 옹진군,수송,농어촌,19996,230261,57,50,49,49,49,49,48,48,46,,
인천,옹진군,인천 옹진군,폐기물,농어촌,19996,230261,57,7,10,10,10,10,11,11,11,,
인천,옹진군,인천 옹진군,흡수원,농어촌,19996,230261,57,-74,-68,-68,-68,-68,-68,-68,-68,,
인천,옹진군,인천 옹진군,합계,농어촌,19996,230261,57,159,142,139,136,132,128,124,102,,
인천,중구,인천 중구,건물,대도시,167113,17951,43,1029,829,799,768,737,702,664,520,,
인천,중구,인천 중구,농축산,대도시,167113,17951,43,2,0,0,0,0,0,0,0,,
인천,중구,인천 중구,수송,대도시,167113,17951,43,455,464,467,471,474,448,416,415,,
인천,중구,인천 중구,폐기물,대도시,167113,17951,43,103,69,69,68,68,67,67,58,,
인천,중구,인천 중구,흡수원,대도시,167113,17951,43,-1,-2,-3,-4,-5,-6,-7,-10,,
인천,중구,인천 중구,합계,대도시,167113,17951,43,1589,1362,1335,1307,1279,1218,1148,994,,
전남,강진군,전남 강진군,건물,농어촌,32189,10223,60,123,,,,,,101,96,,
전남,강진군,전남 강진군,농축산,농어촌,32189,10223,60,200,,,,,,184,180,,
전남,강진군,전남 강진군,수송,농어촌,32189,10223,60,84,,,,,,77,73,,
전남,강진군,전남 강진군,폐기물,농어촌,32189,10223,60,6,,,,,,6,6,,
전남,강진군,전남 강진군,합계,농어촌,32189,10223,60,1996,1362,1335,1307,1279,1218,1510,1343,,
전남,고흥군,전남 고흥군,건물,농어촌,60190,16742,63,193,170,165,159,152,145,137,117,,
전남,고흥군,전남 고흥군,농축산,농어촌,60190,16742,63,250,258,259,260,260,259,257,259,,
전남,고흥군,전남 고흥군,수송,농어촌,60190,16742,63,127,85,76,64,49,29,7,-14,,
전남,고흥군,전남 고흥군,폐기물,농어촌,60190,16742,63,24,18,6,3,0,-4,-8,-24,,
전남,고흥군,전남 고흥군,흡수원,농어촌,60190,16742,63,-485,-522,-528,-533,-539,-545,-551,-574,,
전남,고흥군,전남 고흥군,합계,농어촌,60190,16742,63,595,532,506,486,461,429,393,339,,
전남,곡성군,전남 곡성군,건물,농어촌,26566,11551,60,98,87,86,86,85,85,84,82,,
전남,곡성군,전남 곡성군,농축산,농어촌,26566,11551,60,112,88,87,87,87,87,86,86,,
전남,곡성군,전남 곡성군,수송,농어촌,26566,11551,60,67,69,69,69,69,69,69,69,,
전남,곡성군,전남 곡성군,폐기물,농어촌,26566,11551,60,11,11,11,10,10,10,8,8,,
전남,곡성군,전남 곡성군,흡수원,농어촌,26566,11551,60,-167,-210,-217,-223,-233,-246,-252,-274,,
전남,곡성군,전남 곡성군,합계,농어촌,26566,11551,60,287,254,253,252,252,250,247,244,,
전남,광양시,전남 광양시,건물,중소도시,154692,157788,46,434,432,431,430,429,427,267,254,,
전남,광양시,전남 광양시,농축산,중소도시,154692,157788,46,28,21,21,21,21,20,20,19,,
전남,광양시,전남 광양시,수송,중소도시,154692,157788,46,384,376,372,366,360,352,342,280,,
전남,광양시,전남 광양시,폐기물,중소도시,154692,157788,46,118,111,111,111,111,111,54,54,,
전남,광양시,전남 광양시,흡수원,중소도시,154692,157788,46,-128,-111,-111,-110,-110,-110,-110,-109,,
전남,광양시,전남 광양시,합계,중소도시,154692,157788,46,965,941,934,928,920,910,683,607,,
전남,구례군,전남 구례군,건물,농어촌,24025,6485,61,105,85,84,83,83,82,82,80,,
전남,구례군,전남 구례군,농축산,농어촌,24025,6485,61,55,49,49,49,49,49,49,48,,
전남,구례군,전남 구례군,수송,농어촌,24025,6485,61,57,58,58,58,59,59,59,59,,
전남,구례군,전남 구례군,폐기물,농어촌,24025,6485,61,11,11,10,10,10,10,10,10,,
전남,구례군,전남 구례군,흡수원,농어촌,24025,6485,61,-120,-103,-104,-105,-106,-107,-108,-112,,
전남,구례군,전남 구례군,합계,농어촌,24025,6485,61,228,203,202,201,200,200,199,196,,
전남,나주시,전남 나주시,건물,중소도시,116654,51977,47,414,,,,,,339,331,,
전남,나주시,전남 나주시,농축산,중소도시,116654,51977,47,387,,,,,,343,311,,
전남,나주시,전남 나주시,수송,중소도시,116654,51977,47,279,,,,,,277,270,,
전남,나주시,전남 나주시,폐기물,중소도시,116654,51977,47,78,,,,,,85,84,,
전남,나주시,전남 나주시,흡수원,중소도시,116654,51977,47,-87,,,,,,-88,-88,,
전남,나주시,전남 나주시,합계,중소도시,116654,51977,47,1158,0,0,0,0,0,1044,996,,
전남,담양군,전남 담양군,건물,농어촌,44623,18410,58,176,,,,,,143,142,,
전남,담양군,전남 담양군,농축산,농어촌,44623,18410,58,147,,,,,,116,104,,
전남,담양군,전남 담양군,수송,농어촌,44623,18410,58,119,,,,,,102,95,,
전남,담양군,전남 담양군,폐기물,농어촌,44623,18410,58,45,,,,,,33,33,,
전남,담양군,전남 담양군,흡수원,농어촌,44623,18410,58,-14,,,,,,-50,-86,,
전남,담양군,전남 담양군,합계,농어촌,44623,18410,58,487,0,0,0,0,0,394,374,,
전남,목포시,전남 목포시,건물,중소도시,209890,55040,48,676,551,532,513,492,471,448,379,,
전남,목포시,전남 목포시,농축산,중소도시,209890,55040,48,1,1,1,1,1,1,0,0,,
전남,목포시,전남 목포시,수송,중소도시,209890,55040,48,441,351,328,305,280,250,223,173,,
전남,목포시,전남 목포시,폐기물,중소도시,209890,55040,48,168,144,130,125,120,114,108,82,,
전남,목포시,전남 목포시,흡수원,중소도시,209890,55040,48,4,2,1,1,1,1,1,1,,
전남,목포시,전남 목포시,합계,중소도시,209890,55040,48,1286,1047,991,944,893,836,779,634,,
전남,무안군,전남 무안군,건물,농어촌,92687,47878,44,295,,,,,,261,257,,
전남,무안군,전남 무안군,농축산,농어촌,92687,47878,44,299,,,,,,268,264,,
전남,무안군,전남 무안군,수송,농어촌,92687,47878,44,172,,,,,,165,161,,
전남,무안군,전남 무안군,폐기물,농어촌,92687,47878,44,30,,,,,,15,15,,
전남,무안군,전남 무안군,흡수원,농어촌,92687,47878,44,-103,,,,,,,,,
전남,무안군,전남 무안군,합계,농어촌,92687,47878,44,796,0,0,0,0,0,709,697,,
전남,보성군,전남 보성군,건물,농어촌,37045,10229,62,145,,,,,,131,124,,
전남,보성군,전남 보성군,농축산,농어촌,37045,10229,62,181,,,,,,172,172,,
전남,보성군,전남 보성군,수송,농어촌,37045,10229,62,616,,,,,,315,312,,
전남,보성군,전남 보성군,폐기물,농어촌,37045,10229,62,23,,,,,,25,25,,
전남,보성군,전남 보성군,흡수원,농어촌,37045,10229,62,-294,,,,,,,,,
전남,보성군,전남 보성군,합계,농어촌,37045,10229,62,965,0,0,0,0,0,643,633,,
전남,순천시,전남 순천시,건물,중소도시,276329,79396,47,836,,,,,,563,444,,
전남,순천시,전남 순천시,농축산,중소도시,276329,79396,47,141,,,,,,97,82,,
전남,순천시,전남 순천시,수송,중소도시,276329,79396,47,577,,,,,,461,431,,
전남,순천시,전남 순천시,폐기물,중소도시,276329,79396,47,203,,,,,,144,141,,
전남,순천시,전남 순천시,흡수원,중소도시,276329,79396,47,-214,,,,,,-212,-272,,
전남,순천시,전남 순천시,합계,중소도시,276329,79396,47,1757,0,0,0,0,0,1265,1098,,
전남,신안군,전남 신안군,건물,농어촌,38173,12683,60,111,95,94,93,92,91,90,85,,
전남,신안군,전남 신안군,농축산,농어촌,38173,12683,60,164,147,146,144,143,142,140,134,,
전남,신안군,전남 신안군,수송,농어촌,38173,12683,60,89,80,79,77,76,75,73,68,,
전남,신안군,전남 신안군,폐기물,농어촌,38173,12683,60,12,12,12,11,11,11,11,11,,
전남,신안군,전남 신안군,흡수원,농어촌,38173,12683,60,-137,-144,-144,-145,-146,-147,-149,-172,,
전남,신안군,전남 신안군,합계,농어촌,38173,12683,60,376,334,331,325,322,319,314,298,,
전남,여수시,전남 여수시,건물,중소도시,267816,317345,50,1356,,,,,,748,382,,
전남,여수시,전남 여수시,농축산,중소도시,267816,317345,50,43,,,,,,29,24,,
전남,여수시,전남 여수시,수송,중소도시,267816,317345,50,584,,,,,,460,396,,
전남,여수시,전남 여수시,폐기물,중소도시,267816,317345,50,360,,,,,,219,209,,
전남,여수시,전남 여수시,흡수원,중소도시,267816,317345,50,-26,,,,,,-62,-116,,
전남,여수시,전남 여수시,합계,중소도시,267816,317345,50,2343,0,0,0,0,0,1456,1011,,
전남,영광군,전남 영광군,건물,농어촌,52098,21858,54,392,302,299,280,277,274,252,241,,
전남,영광군,전남 영광군,농축산,농어촌,52098,21858,54,231,228,225,222,218,213,208,187,,
전남,영광군,전남 영광군,수송,농어촌,52098,21858,54,112,97,93,89,86,83,60,49,,
전남,영광군,전남 영광군,폐기물,농어촌,52098,21858,54,18,20,19,19,19,18,15,13,,
전남,영광군,전남 영광군,흡수원,농어촌,52098,21858,54,-122,-101,-97,-94,-90,-87,-83,-85,,
전남,영광군,전남 영광군,합계,농어촌,52098,21858,54,752,647,637,610,599,588,535,490,,
전남,영암군,전남 영암군,건물,농어촌,51391,34983,50,201,,,,,,181,177,,
전남,영암군,전남 영암군,농축산,농어촌,51391,34983,50,347,,,,,,342,345,,
전남,영암군,전남 영암군,수송,농어촌,51391,34983,50,247,,,,,,199,196,,
전남,영암군,전남 영암군,폐기물,농어촌,51391,34983,50,65,,,,,,48,47,,
전남,영암군,전남 영암군,흡수원,농어촌,51391,34983,50,-68,,,,,,-59,-65,,
전남,영암군,전남 영암군,합계,농어촌,51391,34983,50,860,0,0,0,0,0,770,765,,
전남,완도군,전남 완도군,건물,농어촌,45631,13166,55,143,,,,,,136,134,,
전남,완도군,전남 완도군,농축산,농어촌,45631,13166,55,42,,,,,,28,20,,
전남,완도군,전남 완도군,수송,농어촌,45631,13166,55,101,,,,,,98,95,,
전남,완도군,전남 완도군,폐기물,농어촌,45631,13166,55,12,,,,,,12,12,,
전남,완도군,전남 완도군,흡수원,농어촌,45631,13166,55,-116,,,,,,-119,-128,,
전남,완도군,전남 완도군,합계,농어촌,45631,13166,55,298,0,0,0,0,0,274,261,,
전남,장성군,전남 장성군,건물,농어촌,42026,20520,56,150,,,,,,116,109,,
전남,장성군,전남 장성군,농축산,농어촌,42026,20520,56,107,,,,,,85,74,,
전남,장성군,전남 장성군,수송,농어촌,42026,20520,56,111,,,,,,112,111,,
전남,장성군,전남 장성군,폐기물,농어촌,42026,20520,56,22,,,,,,19,18,,
전남,장성군,전남 장성군,흡수원,농어촌,42026,20520,56,-129,,,,,,,,,
전남,장성군,전남 장성군,합계,농어촌,42026,20520,56,390,0,0,0,0,0,332,312,,
전남,장흥군,전남 장흥군,건물,농어촌,34451,11077,59,125,,,,,,120,119,,
전남,장흥군,전남 장흥군,농축산,농어촌,34451,11077,59,205,,,,,,181,175,,
전남,장흥군,전남 장흥군,수송,농어촌,34451,11077,59,82,,,,,,75,71,,
전남,장흥군,전남 장흥군,폐기물,농어촌,34451,11077,59,23,,,,,,20,19,,
전남,장흥군,전남 장흥군,흡수원,농어촌,34451,11077,59,-236,,,,,,,,,
전남,장흥군,전남 장흥군,합계,농어촌,34451,11077,59,435,0,0,0,0,0,396,384,,
전남,진도군,전남 진도군,건물,농어촌,28478,9220,57,95,88,86,85,84,83,82,78,,
전남,진도군,전남 진도군,농축산,농어촌,28478,9220,57,86,75,74,73,73,72,71,68,,
전남,진도군,전남 진도군,수송,농어촌,28478,9220,57,67,68,68,68,68,68,68,69,,
전남,진도군,전남 진도군,폐기물,농어촌,28478,9220,57,21,20,20,19,19,19,19,18,,
전남,진도군,전남 진도군,흡수원,농어촌,28478,9220,57,-95,-106,-108,-109,-111,-112,-113,-119,,
전남,진도군,전남 진도군,합계,농어촌,28478,9220,57,269,250,248,246,244,242,240,233,,
전남,함평군,전남 함평군,건물,농어촌,30010,11710,60,131,,,,,,104,97,,
전남,함평군,전남 함평군,농축산,농어촌,30010,11710,60,239,,,,,,197,186,,
전남,함평군,전남 함평군,수송,농어촌,30010,11710,60,73,,,,,,17,9,,
전남,함평군,전남 함평군,폐기물,농어촌,30010,11710,60,14,,,,,,9,7,,
전남,함평군,전남 함평군,흡수원,농어촌,30010,11710,60,-67,,,,,,-52,-55,,
전남,함평군,전남 함평군,합계,농어촌,30010,11710,60,457,0,0,0,0,0,327,299,,
전남,해남군,전남 해남군,건물,농어촌,63120,23704,58,220,,,,,,85,71,,
전남,해남군,전남 해남군,농축산,농어촌,63120,23704,58,407,,,,,,292,249,,
전남,해남군,전남 해남군,수송,농어촌,63120,23704,58,155,,,,,,105,98,,
전남,해남군,전남 해남군,폐기물,농어촌,63120,23704,58,53,,,,,,44,42,,
전남,해남군,전남 해남군,흡수원,농어촌,63120,23704,58,-56,,,,,,-26,-30,,
전남,해남군,전남 해남군,합계,농어촌,63120,23704,58,835,0,0,0,0,0,526,460,,
전남,화순군,전남 화순군,건물,농어촌,60735,19703,55,219,,,,,,169,161,,
전남,화순군,전남 화순군,농축산,농어촌,60735,19703,55,126,,,,,,123,125,,
전남,화순군,전남 화순군,수송,농어촌,60735,19703,55,150,,,,,,130,124,,
전남,화순군,전남 화순군,폐기물,농어촌,60735,19703,55,19,,,,,,18,15,,
전남,화순군,전남 화순군,흡수원,농어촌,60735,19703,55,-200,,,,,,,,,
전남,화순군,전남 화순군,합계,농어촌,60735,19703,55,514,0,0,0,0,0,440,425,,
전북,고창군,전북 고창군,건물,농어촌,50982,17762,59,216,108,107,107,107,107,105,105,,
전북,고창군,전북 고창군,농축산,농어촌,50982,17762,59,334,297,291,285,280,275,271,251,,
전북,고창군,전북 고창군,수송,농어촌,50982,17762,59,127,116,115,115,114,112,111,107,,
전북,고창군,전북 고창군,폐기물,농어촌,50982,17762,59,24,23,23,23,24,24,23,23,,
전북,고창군,전북 고창군,흡수원,농어촌,50982,17762,59,-96,-107,-108,-108,-109,-110,-111,-116,,
전북,고창군,전북 고창군,합계,농어촌,50982,17762,234,700,544,536,529,525,518,511,486,,
전북,군산시,전북 군산시,건물,중소도시,258047,113254,48,1125,818,814,809,743,737,655,635,,
전북,군산시,전북 군산시,농축산,중소도시,258047,113254,48,188,151,149,148,146,145,143,137,,
전북,군산시,전북 군산시,수송,중소도시,258047,113254,48,584,563,561,560,558,556,554,545,,
전북,군산시,전북 군산시,폐기물,중소도시,258047,113254,48,310,311,313,313,312,312,312,312,,
전북,군산시,전북 군산시,흡수원,중소도시,258047,113254,48,-153,-182,-186,-179,-182,-183,-184,-183,,
전북,군산시,전북 군산시,합계,중소도시,258047,113254,194,2207,1843,1837,1830,1759,1750,1664,1629,,
전북,김제시,전북 김제시,건물,농어촌,80635,36197,56,317,111,110,110,109,109,107,102,,
전북,김제시,전북 김제시,농축산,농어촌,80635,36197,56,477,358,349,336,326,314,304,271,,
전북,김제시,전북 김제시,수송,농어촌,80635,36197,56,199,196,195,194,194,193,192,189,,
전북,김제시,전북 김제시,폐기물,농어촌,80635,36197,56,86,78,73,72,70,69,68,68,,
전북,김제시,전북 김제시,흡수원,농어촌,80635,36197,56,-25,-26,-27,-27,-28,-29,-29,-32,,
전북,김제시,전북 김제시,합계,농어촌,80635,36197,226,1079,743,727,713,698,685,672,630,,
전북,남원시,전북 남원시,건물,농어촌,75647,21327,56,305,,,,,,202,186,,
전북,남원시,전북 남원시,농축산,농어촌,75647,21327,56,269,,,,,,246,214,,
전북,남원시,전북 남원시,수송,농어촌,75647,21327,56,200,,,,,,194,193,,
전북,남원시,전북 남원시,폐기물,농어촌,75647,21327,56,50,,,,,,57,60,,
전북,남원시,전북 남원시,흡수원,농어촌,75647,21327,56,-333,,,,,,-298,-306,,
전북,남원시,전북 남원시,합계,농어촌,75647,21327,223,824,0,0,0,0,0,699,653,,
전북,무주군,전북 무주군,건물,농어촌,23032,8441,58,124,,,,,,100,98,,
전북,무주군,전북 무주군,농축산,농어촌,23032,8441,58,36,,,,,,34,34,,
전북,무주군,전북 무주군,수송,농어촌,23032,8441,58,55,,,,,,52,51,,
전북,무주군,전북 무주군,폐기물,농어촌,23032,8441,58,8,,,,,,7,7,,
전북,무주군,전북 무주군,흡수원,농어촌,23032,8441,58,294,,,,,,-329,-344,,
전북,무주군,전북 무주군,합계,농어촌,23032,8441,234,223,0,0,0,0,0,193,190,,
전북,부안군,전북 부안군,건물,농어촌,48066,17340,59,203,,,,,,83,57,,
전북,부안군,전북 부안군,농축산,농어촌,48066,17340,59,263,,,,,,225,216,,
전북,부안군,전북 부안군,수송,농어촌,48066,17340,59,116,,,,,,108,105,,
전북,부안군,전북 부안군,폐기물,농어촌,48066,17340,59,14,,,,,,14,13,,
전북,부안군,전북 부안군,흡수원,농어촌,48066,17340,59,-139,,,,,,-91,-83,,
전북,부안군,전북 부안군,합계,농어촌,48066,17340,236,596,0,0,0,0,0,430,391,,
전북,순창군,전북 순창군,건물,농어촌,26822,8776,59,93,77,75,74,72,70,68,62,,
전북,순창군,전북 순창군,농축산,농어촌,26822,8776,59,129,124,123,122,121,122,121,116,,
전북,순창군,전북 순창군,수송,농어촌,26822,8776,59,59,55,55,55,54,54,53,52,,
전북,순창군,전북 순창군,폐기물,농어촌,26822,8776,59,18,22,22,23,23,23,24,25,,
전북,순창군,전북 순창군,흡수원,농어촌,26822,8776,59,-156,-107,-104,-102,-100,-98,-96,-91,,
전북,순창군,전북 순창군,합계,농어촌,26822,8776,235,299,278,276,272,270,269,266,255,,
전북,완주군,전북 완주군,건물,농어촌,99279,59739,49,385,,,,,,288,227,,
전북,완주군,전북 완주군,농축산,농어촌,99279,59739,49,153,,,,,,106,94,,
전북,완주군,전북 완주군,수송,농어촌,99279,59739,49,252,,,,,,179,161,,
전북,완주군,전북 완주군,폐기물,농어촌,99279,59739,49,54,,,,,,119,155,,
전북,완주군,전북 완주군,흡수원,농어촌,99279,59739,49,-183,,,,,,-213,-200,,
전북,완주군,전북 완주군,합계,농어촌,99279,59739,194,844,0,0,0,0,0,692,637,,
전북,익산시,전북 익산시,건물,중소도시,268001,96514,50,916,603,571,539,507,474,170,44,,
전북,익산시,전북 익산시,농축산,중소도시,268001,96514,50,388,358,356,356,355,354,353,350,,
전북,익산시,전북 익산시,수송,중소도시,268001,96514,50,620,604,604,604,604,604,604,606,,
전북,익산시,전북 익산시,폐기물,중소도시,268001,96514,50,209,197,195,193,191,190,188,182,,
전북,익산시,전북 익산시,흡수원,중소도시,268001,96514,50,-135,-119,-121,-117,-114,-111,-108,-99,,
전북,익산시,전북 익산시,합계,중소도시,268001,96514,199,2132,1761,1726,1691,1656,1621,1314,1181,,
전북,임실군,전북 임실군,건물,농어촌,25577,9770,61,98,89,88,88,88,87,87,85,,
전북,임실군,전북 임실군,농축산,농어촌,25577,9770,61,146,146,147,147,147,148,148,149,,
전북,임실군,전북 임실군,수송,농어촌,25577,9770,61,63,62,61,61,61,61,61,60,,
전북,임실군,전북 임실군,폐기물,농어촌,25577,9770,61,11,10,10,10,10,10,10,10,,
전북,임실군,전북 임실군,흡수원,농어촌,25577,9770,61,-84,-121,-124,-118,-117,-119,-120,-119,,
전북,임실군,전북 임실군,합계,농어촌,25577,9770,242,319,307,307,307,307,306,306,305,,
전북,장수군,전북 장수군,건물,농어촌,20663,6515,60,78,63,63,62,62,61,60,58,,
전북,장수군,전북 장수군,농축산,농어촌,20663,6515,60,100,94,94,93,92,92,91,89,,
전북,장수군,전북 장수군,수송,농어촌,20663,6515,60,50,53,54,55,56,57,58,62,,
전북,장수군,전북 장수군,폐기물,농어촌,20663,6515,60,16,17,18,18,18,18,19,20,,
전북,장수군,전북 장수군,흡수원,농어촌,20663,6515,60,-177,-104,-101,-97,-93,-90,-87,-75,,
전북,장수군,전북 장수군,합계,농어촌,20663,6515,238,244,228,228,228,228,228,228,229,,
전북,전주시,전북 전주시,건물,대도시,635651,172125,45,2176,1945,1922,1866,1820,1774,1551,1409,,
전북,전주시,전북 전주시,농축산,대도시,635651,172125,45,34,31,30,29,27,25,23,22,,
전북,전주시,전북 전주시,수송,대도시,635651,172125,45,1317,1315,1297,1272,1248,1230,1053,1053,,
전북,전주시,전북 전주시,폐기물,대도시,635651,172125,45,845,625,586,550,514,484,458,431,,
전북,전주시,전북 전주시,흡수원,대도시,635651,172125,45,-9,-17,-18,-19,-21,-23,-26,-30,,
전북,전주시,전북 전주시,합계,대도시,635651,172125,181,4372,3916,3835,3717,3609,3513,3085,2915,,
전북,정읍시,전북 정읍시,건물,중소도시,102127,37649,55,416,182,180,179,178,177,175,172,,
전북,정읍시,전북 정읍시,농축산,중소도시,102127,37649,55,520,468,462,456,448,442,436,409,,
전북,정읍시,전북 정읍시,수송,중소도시,102127,37649,55,246,234,233,233,232,231,230,227,,
전북,정읍시,전북 정읍시,폐기물,중소도시,102127,37649,55,95,81,81,81,81,80,78,77,,
전북,정읍시,전북 정읍시,흡수원,중소도시,102127,37649,55,-140,-157,-159,-162,-164,-165,-167,-174,,
전북,정읍시,전북 정읍시,합계,중소도시,102127,37649,218,1276,965,957,948,939,930,920,886,,
전북,진안군,전북 진안군,건물,농어촌,24161,7444,61,100,,,,,,28,27,,
전북,진안군,전북 진안군,농축산,농어촌,24161,7444,61,78,,,,,,66,62,,
전북,진안군,전북 진안군,수송,농어촌,24161,7444,61,57,,,,,,54,52,,
전북,진안군,전북 진안군,폐기물,농어촌,24161,7444,61,16,,,,,,12,12,,
전북,진안군,전북 진안군,흡수원,농어촌,24161,7444,61,-187,,,,,,-113,-104,,
전북,진안군,전북 진안군,합계,농어촌,24161,7444,242,251,0,0,0,0,0,160,153,,
충남,계룡시,충남 계룡시,건물,중소도시,46540,18639,45,126,106,105,104,103,102,99,96,,
충남,계룡시,충남 계룡시,농축산,중소도시,46540,18639,45,3,3,3,3,3,3,3,3,,
충남,계룡시,충남 계룡시,수송,중소도시,46540,18639,45,88,83,82,81,80,80,78,76,,
충남,계룡시,충남 계룡시,폐기물,중소도시,46540,18639,45,19,14,13,13,12,12,10,9,,
충남,계룡시,충남 계룡시,흡수원,중소도시,46540,18639,45,-23,-21,-21,-21,-21,-21,-27,-28,,
충남,계룡시,충남 계룡시,합계,중소도시,46540,18639,45,236,205,203,200,199,197,190,183,,
충남,공주시,충남 공주시,건물,중소도시,101285,42392,54,449,338,335,332,330,327,326,321,,
충남,공주시,충남 공주시,농축산,중소도시,101285,42392,54,256,264,264,264,265,265,265,267,,
충남,공주시,충남 공주시,수송,중소도시,101285,42392,54,231,222,221,220,218,217,215,210,,
충남,공주시,충남 공주시,폐기물,중소도시,101285,42392,54,48,62,60,58,57,55,53,43,,
충남,공주시,충남 공주시,흡수원,중소도시,101285,42392,54,-142,-115,-119,-124,-149,-154,-159,-178,,
충남,공주시,충남 공주시,합계,중소도시,101285,42392,54,985,885,880,874,869,864,859,841,,
충남,금산군,충남 금산군,건물,농어촌,49615,25634,56,211,,,,,,167,157,,
충남,금산군,충남 금산군,농축산,농어촌,49615,25634,56,53,,,,,,48,44,,
충남,금산군,충남 금산군,수송,농어촌,49615,25634,56,135,,,,,,103,91,,
충남,금산군,충남 금산군,폐기물,농어촌,49615,25634,56,36,,,,,,-90,-85,,
충남,금산군,충남 금산군,흡수원,농어촌,49615,25634,56,-194,,,,,,-181,-203,,
충남,금산군,충남 금산군,합계,농어촌,49615,25634,56,435,0,0,0,0,0,228,207,,
충남,논산시,충남 논산시,건물,중소도시,108529,46572,53,471,396,389,382,259,200,155,126,,
충남,논산시,충남 논산시,농축산,중소도시,108529,46572,53,295,278,277,277,276,275,275,272,,
충남,논산시,충남 논산시,수송,중소도시,108529,46572,53,267,258,257,256,255,254,254,251,,
충남,논산시,충남 논산시,폐기물,중소도시,108529,46572,53,81,53,51,50,48,47,45,40,,
충남,논산시,충남 논산시,흡수원,중소도시,108529,46572,53,-53,-52,-54,-56,-57,-59,-61,-67,,
충남,논산시,충남 논산시,합계,중소도시,108529,46572,53,1114,984,974,964,838,776,728,689,,
충남,당진시,충남 당진시,건물,중소도시,171931,145528,47,635,,,,,,-125,-137,,
충남,당진시,충남 당진시,농축산,중소도시,171931,145528,47,497,,,,,,367,341,,
충남,당진시,충남 당진시,수송,중소도시,171931,145528,47,405,,,,,,409,412,,
충남,당진시,충남 당진시,폐기물,중소도시,171931,145528,47,129,,,,,,-101,-108,,
충남,당진시,충남 당진시,흡수원,중소도시,171931,145528,47,-22,,,,,,-22,-22,,
충남,당진시,충남 당진시,합계,중소도시,171931,145528,47,1666,0,0,0,0,0,550,508,,
충남,보령시,충남 보령시,건물,농어촌,93780,42936,54,485,336,331,201,197,192,-905,-919,,
충남,보령시,충남 보령시,농축산,농어촌,93780,42936,54,301,300,301,301,302,303,297,299,,
충남,보령시,충남 보령시,수송,농어촌,93780,42936,54,215,220,220,161,161,161,132,130,,
충남,보령시,충남 보령시,폐기물,농어촌,93780,42936,54,75,71,69,68,68,66,65,63,,
충남,보령시,충남 보령시,흡수원,농어촌,93780,42936,54,-218,-134,-131,-129,-127,-125,-123,-118,,
충남,보령시,충남 보령시,합계,농어촌,93780,42936,54,1075,927,920,733,728,721,-412,-427,,
충남,부여군,충남 부여군,건물,농어촌,59550,21281,60,265,152,141,131,121,112,104,72,,
충남,부여군,충남 부여군,농축산,농어촌,59550,21281,60,265,292,290,294,297,301,308,331,,
충남,부여군,충남 부여군,수송,농어촌,59550,21281,60,154,121,117,113,109,105,101,87,,
충남,부여군,충남 부여군,폐기물,농어촌,59550,21281,60,69,35,33,32,30,28,26,19,,
충남,부여군,충남 부여군,흡수원,농어촌,59550,21281,60,10,-37,-94,-101,-108,-115,-121,-148,,
충남,부여군,충남 부여군,합계,농어촌,59550,21281,60,753,600,582,570,557,546,539,509,,
충남,서산시,충남 서산시,건물,중소도시,174445,227233,48,738,721,723,725,727,727,464,466,,
충남,서산시,충남 서산시,농축산,중소도시,174445,227233,48,335,362,361,361,361,360,360,359,,
충남,서산시,충남 서산시,수송,중소도시,174445,227233,48,389,316,309,302,294,287,246,214,,
충남,서산시,충남 서산시,폐기물,중소도시,174445,227233,48,177,170,163,163,163,164,165,167,,
충남,서산시,충남 서산시,흡수원,중소도시,174445,227233,48,-159,-123,-121,-118,-116,-114,-112,-106,,
충남,서산시,충남 서산시,합계,중소도시,174445,227233,48,1639,1568,1556,1551,1545,1538,1235,1206,,
충남,서천군,충남 서천군,건물,농어촌,48204,22275,61,206,,,,,,153,135,34,
충남,서천군,충남 서천군,농축산,농어촌,48204,22275,61,161,,,,,,160,159,1,
충남,서천군,충남 서천군,수송,농어촌,48204,22275,61,119,,,,,,111,108,9,
충남,서천군,충남 서천군,폐기물,농어촌,48204,22275,61,56,,,,,,135,53,5,
충남,서천군,충남 서천군,흡수원,농어촌,48204,22275,61,0,,,,,,-157,-166,,
충남,서천군,충남 서천군,합계,농어촌,48204,22275,61,542,,,,,,559,455,16,
충남,아산시,충남 아산시,건물,중소도시,355014,375645,41,1264,1010,1004,998,989,967,823,884,,
충남,아산시,충남 아산시,농축산,중소도시,355014,375645,41,282,261,260,260,259,259,259,257,,
충남,아산시,충남 아산시,수송,중소도시,355014,375645,41,674,683,685,686,688,689,367,49,,
충남,아산시,충남 아산시,폐기물,중소도시,355014,375645,41,191,156,155,153,152,149,144,138,,
충남,아산시,충남 아산시,흡수원,중소도시,355014,375645,41,-150,-138,-140,-142,-144,-146,-149,-155,,
충남,아산시,충남 아산시,합계,중소도시,355014,375645,41,2411,2110,2104,2097,2088,2064,1593,1328,,
충남,예산군,충남 예산군,건물,농어촌,78772,45529,56,310,253,246,239,230,220,210,172,,
충남,예산군,충남 예산군,농축산,농어촌,78772,45529,56,343,303,297,285,265,260,255,233,,
충남,예산군,충남 예산군,수송,농어촌,78772,45529,56,187,172,156,153,150,147,143,130,,
충남,예산군,충남 예산군,폐기물,농어촌,78772,45529,56,54,38,36,34,25,23,22,16,,
충남,예산군,충남 예산군,흡수원,농어촌,78772,45529,56,-149,-109,-108,-107,-107,-108,-109,-114,,
충남,예산군,충남 예산군,합계,농어촌,78772,45529,56,893,765,736,711,670,650,629,551,,
충남,천안시,충남 천안시,건물,대도시,659920,311658,42,2030,1753,1749,1048,1044,1040,1036,1021,,
충남,천안시,충남 천안시,농축산,대도시,659920,311658,42,311,338,337,336,336,335,334,330,,
충남,천안시,충남 천안시,수송,대도시,659920,311658,42,1324,1351,1339,1337,1214,1109,1002,824,,
충남,천안시,충남 천안시,폐기물,대도시,659920,311658,42,292,172,161,158,155,152,149,114,,
충남,천안시,충남 천안시,흡수원,대도시,659920,311658,42,-121,-125,-129,-135,-139,-143,-147,-151,,
충남,천안시,충남 천안시,합계,대도시,659920,311658,42,3957,3614,3586,2879,2749,2636,2521,2289,,
충남,청양군,충남 청양군,건물,농어촌,29658,13095,60,115,,,,,,57,42,,
충남,청양군,충남 청양군,농축산,농어촌,29658,13095,60,137,,,,,,131,127,,
충남,청양군,충남 청양군,수송,농어촌,29658,13095,60,81,,,,,,63,42,,
충남,청양군,충남 청양군,폐기물,농어촌,29658,13095,60,32,,,,,,8,5,,
충남,청양군,충남 청양군,흡수원,농어촌,29658,13095,60,-61,,,,,,-50,-59,,
충남,청양군,충남 청양군,합계,농어촌,29658,13095,60,365,0,0,0,0,0,259,216,,
충남,태안군,충남 태안군,건물,농어촌,60133,26857,58,343,,,,,,208,200,,
충남,태안군,충남 태안군,농축산,농어촌,60133,26857,58,158,,,,,,129,120,,
충남,태안군,충남 태안군,수송,농어촌,60133,26857,58,137,,,,,,127,124,,
충남,태안군,충남 태안군,폐기물,농어촌,60133,26857,58,30,,,,,,13,13,,
충남,태안군,충남 태안군,흡수원,농어촌,60133,26857,58,-73,,,,,,-84,-87,,
충남,태안군,충남 태안군,합계,농어촌,60133,26857,58,668,0,0,0,0,0,477,457,,
충남,홍성군,충남 홍성군,건물,농어촌,99198,44008,50,371,303,303,303,303,303,303,303,,
충남,홍성군,충남 홍성군,농축산,농어촌,99198,44008,50,461,240,237,233,226,223,212,201,,
충남,홍성군,충남 홍성군,수송,농어촌,99198,44008,50,218,219,218,217,217,216,215,211,,
충남,홍성군,충남 홍성군,폐기물,농어촌,99198,44008,50,43,41,42,43,41,42,42,46,,
충남,홍성군,충남 홍성군,흡수원,농어촌,99198,44008,50,-56,-101,-105,-109,-113,-116,-120,-135,,
충남,홍성군,충남 홍성군,합계,농어촌,99198,44008,50,1093,804,800,797,787,784,772,760,,
충북,괴산군,충북 괴산군,건물,농어촌,36252,17592,49,176,152,150,148,147,146,144,137,,
충북,괴산군,충북 괴산군,농축산,농어촌,36252,17592,49,114,121,123,124,126,128,129,136,,
충북,괴산군,충북 괴산군,수송,농어촌,36252,17592,49,91,93,93,93,94,94,94,95,,
충북,괴산군,충북 괴산군,폐기물,농어촌,36252,17592,49,30,39,38,37,36,36,35,32,,
충북,괴산군,충북 괴산군,흡수원,농어촌,36252,17592,49,-409,-369,-375,-387,-393,-399,-406,-432,,
충북,괴산군,충북 괴산군,합계,농어촌,36252,17592,49,411,404,403,403,403,403,403,401,,
충북,단양군,충북 단양군,건물,농어촌,27352,13763,47,174,180,183,186,188,191,194,206,,
충북,단양군,충북 단양군,농축산,농어촌,27352,13763,47,16,12,12,12,12,12,12,13,,
충북,단양군,충북 단양군,수송,농어촌,27352,13763,47,76,57,54,51,48,45,42,30,,
충북,단양군,충북 단양군,폐기물,농어촌,27352,13763,47,9,10,10,10,10,10,10,10,,
충북,단양군,충북 단양군,흡수원,농어촌,27352,13763,47,-587,-486,-488,-490,-492,-494,-496,-504,,
충북,단양군,충북 단양군,합계,농어촌,27352,13763,47,274,258,258,258,258,258,258,258,,
충북,보은군,충북 보은군,건물,농어촌,30527,14806,61,146,104,101,99,96,94,91,82,,
충북,보은군,충북 보은군,농축산,농어촌,30527,14806,61,125,144,147,149,151,153,156,164,,
충북,보은군,충북 보은군,수송,농어촌,30527,14806,61,88,87,87,87,87,86,86,86,,
충북,보은군,충북 보은군,폐기물,농어촌,30527,14806,61,12,12,12,11,11,11,11,11,,
충북,보은군,충북 보은군,흡수원,농어촌,30527,14806,61,-300,-252,-255,-258,-261,-264,-266,-278,,
충북,보은군,충북 보은군,합계,농어촌,30527,14806,61,372,347,347,346,345,345,344,342,,
충북,영동군,충북 영동군,건물,농어촌,43551,13916,59,185,145,142,138,135,132,129,116,,
충북,영동군,충북 영동군,농축산,농어촌,43551,13916,59,52,57,57,57,57,57,57,57,,
충북,영동군,충북 영동군,수송,농어촌,43551,13916,59,103,92,90,89,87,85,84,77,,
충북,영동군,충북 영동군,폐기물,농어촌,43551,13916,59,35,26,25,25,24,24,23,21,,
충북,영동군,충북 영동군,흡수원,농어촌,43551,13916,59,-474,-398,-401,-404,-407,-411,-414,-426,,
충북,영동군,충북 영동군,합계,농어촌,43551,13916,59,375,319,314,308,303,297,292,271,,
충북,옥천군,충북 옥천군,건물,농어촌,48204,18249,58,245,,,,,,232,237,,
충북,옥천군,충북 옥천군,농축산,농어촌,48204,18249,58,70,,,,,,62,57,,
충북,옥천군,충북 옥천군,수송,농어촌,48204,18249,58,116,,,,,,118,119,,
충북,옥천군,충북 옥천군,흡수원,농어촌,48204,18249,58,18,,,,,,12,10,,
충북,옥천군,충북 옥천군,합계,농어촌,48204,18249,58,806,319,314,308,303,297,704,684,,
충북,음성군,충북 음성군,건물,농어촌,91236,105508,60,420,300,296,291,286,282,277,256,,
충북,음성군,충북 음성군,농축산,농어촌,91236,105508,60,184,162,160,157,155,152,150,140,,
충북,음성군,충북 음성군,수송,농어촌,91236,105508,60,243,237,235,233,231,230,228,221,,
충북,음성군,충북 음성군,폐기물,농어촌,91236,105508,60,65,64,64,64,64,64,64,64,,
충북,음성군,충북 음성군,흡수원,농어촌,91236,105508,60,-176,-165,-166,-167,-168,-169,-170,-175,,
충북,음성군,충북 음성군,합계,농어촌,91236,105508,60,913,763,754,746,737,727,718,681,,
충북,제천시,충북 제천시,건물,중소도시,128569,39279,42,453,453,448,444,440,436,432,419,,
충북,제천시,충북 제천시,농축산,중소도시,128569,39279,42,66,66,66,64,64,64,63,62,,
충북,제천시,충북 제천시,수송,중소도시,128569,39279,42,304,305,303,301,299,298,296,291,,
충북,제천시,충북 제천시,폐기물,중소도시,128569,39279,42,54,54,53,52,51,50,49,44,,
충북,제천시,충북 제천시,흡수원,중소도시,128569,39279,42,-283,-283,-276,-269,-269,-263,-258,-262,,
충북,제천시,충북 제천시,합계,중소도시,128569,39279,42,877,878,870,861,854,847,840,816,,
충북,증평군,충북 증평군,건물,농어촌,37171,19192,45,130,97,95,93,89,87,81,73,,
충북,증평군,충북 증평군,농축산,농어촌,37171,19192,45,28,31,30,30,30,30,29,28,,
충북,증평군,충북 증평군,수송,농어촌,37171,19192,45,81,82,83,83,84,84,85,87,,
충북,증평군,충북 증평군,폐기물,농어촌,37171,19192,45,17,18,18,18,17,17,17,15,,
충북,증평군,충북 증평군,흡수원,농어촌,37171,19192,45,-30,-28,-28,-28,-29,-29,-29,-29,,
충북,증평군,충북 증평군,합계,농어촌,37171,19192,45,256,228,225,223,220,218,211,204,,
충북,진천군,충북 진천군,건물,농어촌,86537,88952,60,321,183,177,172,166,161,139,109,,
충북,진천군,충북 진천군,농축산,농어촌,86537,88952,60,178,159,159,159,158,158,157,156,,
충북,진천군,충북 진천군,수송,농어촌,86537,88952,60,180,194,194,194,194,195,195,196,,
충북,진천군,충북 진천군,폐기물,농어촌,86537,88952,60,88,68,67,65,64,52,50,45,,
충북,진천군,충북 진천군,흡수원,농어촌,86537,88952,60,-57,-70,-72,-75,-77,-80,-82,-92,,
충북,진천군,충북 진천군,합계,농어촌,86537,88952,60,768,604,597,590,583,565,542,507,,
충북,청주시,충북 청주시,건물,대도시,854537,427898,49,2906,2458,2414,2378,2068,2012,1478,1410,,
충북,청주시,충북 청주시,농축산,대도시,854537,427898,49,321,310,309,307,305,304,302,296,,
충북,청주시,충북 청주시,수송,대도시,854537,427898,49,1716,1479,1470,1462,1452,1441,1434,1397,,
충북,청주시,충북 청주시,폐기물,대도시,854537,427898,49,892,666,642,605,582,550,533,466,,
충북,청주시,충북 청주시,흡수원,대도시,854537,427898,49,-191,-195,-206,-215,-224,-229,-234,-256,,
충북,청주시,충북 청주시,합계,대도시,854537,427898,49,5835,4913,4835,4751,4407,4307,3747,3569,,
충북,충주시,충북 충주시,건물,대도시,207241,88936,41,815,561,538,516,331,309,284,198,,
충북,충주시,충북 충주시,농축산,대도시,207241,88936,41,117,151,151,151,151,152,152,153,,
충북,충주시,충북 충주시,수송,대도시,207241,88936,41,443,420,412,404,395,387,380,360,,
충북,충주시,충북 충주시,폐기물,대도시,207241,88936,41,152,153,159,140,147,154,162,195,,
충북,충주시,충북 충주시,흡수원,대도시,207241,88936,41,-170,-126,-128,-123,-122,-121,-121,-116,,
충북,충주시,충북 충주시,합계,대도시,207241,88936,41,1527,1285,1260,1211,1024,1002,977,906,,
